user_id,reranked_own_rec
1,"[1102067, 878285, 8293439, 872137, 10149640]"
2,"[885023, 1106523, 990797, 899624, 866211]"
3,[]
6,"[1024306, 1082185, 6548453, 1098844, 5570882]"
7,"[993638, 1122358, 1126899, 1106523, 909714]"
8,"[872137, 1105301, 1106523, 1041796, 12302069]"
9,"[1029743, 857503, 1106523, 899624, 976199]"
10,[]
13,"[1137346, 862070, 948953, 1038985, 1068719]"
14,"[1029743, 1106523, 1127758, 1126899, 965766]"
15,"[1029743, 976199, 13841744, 1070820, 1106523]"
16,"[1029743, 1106523, 1056509, 1068719, 965766]"
18,"[914577, 1008032, 944486, 925694, 1081177]"
19,"[944486, 885863, 12384775, 844179, 841220]"
20,"[1002850, 929018, 1123106, 1016709, 5592931]"
21,"[1029743, 6034857, 1106523, 1068719, 844179]"
22,"[1082185, 1104349, 825749, 944836, 835098]"
23,"[1051468, 1034176, 1075368, 1004906, 1070820]"
24,"[870547, 1008814, 1016800, 1094308, 983584]"
25,"[929018, 1106523, 1029743, 1041796, 1110244]"
26,"[1022254, 896862, 9296919, 937292, 983584]"
27,"[1076056, 1102416, 910473, 1029252, 887503]"
28,"[6534030, 940947, 854900, 951412, 916122]"
29,"[1106523, 872137, 899624, 1029743, 1126899]"
30,"[1029743, 976199, 944534, 1106523, 1127831]"
31,"[8290421, 1138443, 1062128, 971922, 901062]"
32,"[1094924, 1003649, 1106523, 1029743, 901062]"
33,"[871756, 5569230, 1075368, 1126899, 1106523]"
34,"[1106523, 1029743, 1044078, 844179, 899624]"
35,"[6464165, 1029743, 13841744, 1106523, 1044078]"
36,"[969568, 1024306, 8019977, 865705, 970747]"
37,"[916990, 1067695, 1056212, 1097001, 5574377]"
39,"[1130581, 1104343, 6395907, 1126899, 857503]"
40,"[1112205, 1055504, 1128240, 1082141, 1083043]"
41,"[1029743, 1106523, 865705, 1126899, 899624]"
42,"[946839, 6602697, 839656, 1031087, 977374]"
43,"[1068719, 1029743, 1106523, 1126899, 872137]"
46,"[1093571, 909714, 882247, 1072968, 1098844]"
47,"[1106523, 844179, 854852, 1126899, 1029743]"
49,"[1110111, 1110218, 1090884, 826666, 1027168]"
50,[]
51,"[1012587, 1096794, 1070272, 880427, 965766]"
52,"[995478, 1058404, 865705, 1074754, 1067779]"
53,"[854405, 5569471, 1087102, 6034857, 1029743]"
55,"[1029743, 1106523, 1068719, 899624, 5568378]"
56,"[1055504, 847207, 6979545, 849202, 979707]"
57,"[1106523, 7139529, 1029743, 965766, 916122]"
58,"[1102067, 979707, 1098844, 1057102, 976199]"
59,"[1029743, 1022254, 899624, 1106523, 1056509]"
62,"[1106523, 1029743, 844179, 1056509, 1126899]"
63,"[1044078, 1050851, 5568378, 8090537, 985999]"
64,"[1093413, 1009368, 1013928, 1106523, 1004906]"
65,"[965766, 1044078, 1070820, 8090521, 1128016]"
67,"[1104414, 1065538, 1138443, 1115576, 1098844]"
68,"[995876, 1029743, 883932, 856252, 1004906]"
69,"[944137, 1099089, 1044188, 1059902, 823704]"
70,"[1029743, 1106523, 965766, 1056509, 844179]"
71,"[1056509, 9836106, 1098844, 1106523, 1070820]"
72,"[1115098, 902396, 865705, 979707, 5585510]"
75,"[1106523, 1029743, 965766, 1068719, 1056509]"
77,"[919534, 944486, 1106523, 1126899, 829323]"
78,"[1082185, 1067779, 835098, 952972, 1029743]"
79,"[1105488, 1126899, 856252, 1029743, 1106523]"
80,"[1055504, 1029743, 835098, 866211, 844179]"
81,"[1093413, 1092937, 971922, 990797, 969866]"
82,"[1084036, 849202, 847573, 880150, 1044078]"
83,"[1126899, 1044078, 1037332, 940947, 1004906]"
84,"[1004906, 5569374, 1029743, 1106523, 885290]"
85,"[1022254, 6602697, 1104343, 990797, 13877192]"
86,"[865026, 8090519, 820301, 9707240, 854852]"
87,"[1068719, 5568378, 1029743, 863447, 976199]"
88,"[929018, 820486, 1068719, 893018, 990256]"
90,[]
91,"[1029743, 908318, 1106523, 1075368, 862799]"
92,"[12946027, 871061, 1106523, 1029743, 844179]"
94,"[976199, 1029743, 944534, 965766, 1127831]"
95,"[8090532, 8090519, 885863, 1029743, 872137]"
97,"[896862, 1046584, 880888, 999270, 979707]"
98,"[847241, 993638, 1042544, 1122358, 916122]"
99,"[1029743, 1098248, 8293439, 5590695, 5590613]"
100,"[1106523, 1029743, 986912, 990797, 916122]"
101,"[1106523, 1090931, 12731432, 899624, 878285]"
103,"[1106523, 1029743, 1126899, 844179, 1068719]"
104,"[1083787, 940766, 995876, 1067749, 908064]"
105,"[1004906, 1067695, 965766, 1005274, 1097001]"
106,"[8090532, 5569230, 993638, 976199, 1029743]"
107,"[1029743, 1106523, 899624, 1126899, 976199]"
109,"[862682, 944836, 8290421, 1046756, 835098]"
110,"[1106523, 1022254, 1068719, 871756, 5592931]"
111,"[1106523, 1029743, 1126899, 844179, 1044078]"
112,"[5569845, 9527159, 1029743, 1106523, 1044078]"
113,"[1024306, 9245106, 862682, 1110409, 6548453]"
114,"[948670, 5568489, 10344585, 1029743, 1070820]"
115,"[1018007, 963971, 994223, 912280, 1090931]"
116,"[1019637, 1104343, 1106523, 1029743, 872137]"
117,"[948670, 8065410, 940947, 1105488, 1029743]"
118,"[1082185, 1083043, 1081177, 1048257, 5591170]"
119,"[1002771, 825994, 1051468, 1071342, 940947]"
121,"[1106523, 965766, 1070820, 1029743, 1126899]"
122,"[940947, 1116635, 1004906, 1126899, 1106523]"
123,"[1119761, 12301405, 1056509, 1070702, 1044078]"
124,"[1037840, 1106523, 5569845, 1081177, 1029743]"
125,"[934399, 1029743, 5592094, 883003, 971922]"
126,"[1004906, 1106523, 1029743, 844179, 1126899]"
127,"[1029743, 1106523, 899624, 983584, 1026118]"
128,"[1029743, 1098248, 866211, 1106523, 878996]"
131,"[990797, 6979545, 1075214, 979707, 1024051]"
132,"[862682, 993638, 999198, 1029743, 854852]"
133,"[869728, 6513604, 866211, 1070820, 916122]"
134,"[5569845, 1130858, 1016276, 1051323, 1101010]"
135,"[1029743, 1068719, 1070820, 1106523, 1044078]"
136,"[1106523, 865511, 8090521, 8090537, 1056509]"
138,"[1098844, 979707, 13841744, 1008814, 1101706]"
139,"[1082185, 1050741, 866211, 1021324, 1029743]"
140,"[1037840, 1137346, 1110244, 1075368, 1029743]"
141,[]
142,"[1082212, 990797, 13877192, 5569327, 1029743]"
143,"[1106523, 965766, 1102416, 963835, 895930]"
146,"[1106523, 1029743, 899624, 1068719, 1126899]"
151,"[1106523, 916122, 1029743, 1126899, 5568378]"
153,"[897954, 916122, 1126899, 999104, 1029743]"
156,"[1082185, 1106523, 1029743, 899624, 1037332]"
157,"[1098844, 949294, 1070820, 838186, 1029743]"
158,"[12731714, 1128240, 1092303, 1029743, 835098]"
159,"[1131344, 846823, 1086483, 1004906, 1029743]"
160,"[1087102, 933835, 883003, 1135834, 865456]"
161,"[1018007, 6463742, 1092937, 882247, 7139529]"
162,"[964521, 1070820, 6034857, 1122358, 13115501]"
164,"[963971, 1029743, 1087102, 970605, 1106523]"
166,"[1075368, 885697, 1101010, 1029743, 880888]"
167,"[1029743, 1106523, 1068719, 833724, 899624]"
168,[]
169,"[1029743, 1106523, 1126899, 1068719, 899624]"
171,"[1029743, 944534, 1044078, 1004906, 899624]"
172,"[1118046, 1075368, 5569230, 913210, 1106523]"
174,[]
178,"[862070, 1137346, 1110031, 967461, 1087102]"
183,"[8090440, 1029743, 1026118, 1106523, 965766]"
184,"[848319, 896085, 9835509, 1029743, 844179]"
185,"[1029743, 990797, 1106523, 1068719, 1029252]"
187,"[983584, 1029743, 1126899, 854852, 872137]"
188,"[1106523, 1098844, 1029743, 1126899, 1070820]"
190,"[1106523, 1029743, 986912, 1126899, 854852]"
191,"[910032, 854852, 1106523, 1126899, 993638]"
192,"[1002850, 9245106, 1027168, 1056509, 990797]"
193,"[8090537, 1029743, 960613, 990797, 1082185]"
194,"[1051468, 6391381, 1106523, 1075368, 854852]"
195,"[1029743, 872137, 1062128, 1106523, 1022254]"
196,"[862535, 1000753, 1082185, 1106523, 1055155]"
197,"[1075979, 963835, 856252, 1042438, 9881593]"
198,"[1012587, 989069, 887474, 1068719, 1090931]"
199,"[1082212, 1132771, 907631, 1029743, 844179]"
200,"[1126899, 854852, 1122358, 823990, 1106523]"
201,"[1138292, 972665, 5569327, 838186, 863447]"
202,"[1029743, 866211, 986912, 1106523, 1043751]"
203,"[844179, 1106523, 1029743, 909714, 901062]"
204,"[1070820, 923670, 1068719, 1029743, 5569230]"
205,"[1082185, 934639, 1106523, 1026118, 916122]"
208,"[1014948, 846823, 823721, 865456, 979707]"
209,"[963971, 896613, 1022254, 841220, 899624]"
210,"[871611, 1051516, 1051323, 910473, 6034857]"
211,"[1136524, 907099, 945662, 1006878, 832678]"
212,"[1050534, 8090560, 837865, 1029743, 1072917]"
213,[]
214,"[6633273, 1055425, 999104, 1005274, 916758]"
215,"[8019977, 916993, 985999, 938300, 1106523]"
216,"[974204, 974156, 1067606, 986912, 6533936]"
217,"[12731714, 976199, 899624, 895930, 1126045]"
218,"[878715, 965772, 1037337, 909714, 1022254]"
219,"[1024306, 1102067, 968072, 923670, 1132771]"
220,"[1029743, 839419, 916122, 1106523, 866211]"
221,"[1029743, 1106523, 899624, 1137775, 1105488]"
222,"[1024306, 993638, 985999, 866211, 878996]"
224,"[896613, 841220, 1029743, 899624, 1106523]"
225,"[1043663, 1029743, 1106523, 983584, 854852]"
226,"[1106523, 1029743, 1126899, 1102416, 1056509]"
227,"[1068719, 1029743, 965766, 844179, 1106523]"
228,"[6034857, 1126899, 1029743, 1041796, 986912]"
230,"[8090532, 1128240, 8090509, 1124695, 1029743]"
232,"[862799, 5591170, 907631, 979707, 1016800]"
233,"[1029743, 1122568, 1106523, 965766, 976199]"
235,"[9677366, 1006342, 5565202, 976199, 1062128]"
236,"[1014948, 1106523, 899624, 1029743, 1121384]"
239,"[835098, 971922, 1106523, 1087102, 1081177]"
240,[]
241,"[1029743, 1106523, 12301109, 1126899, 1044078]"
242,"[6463742, 1037417, 1082185, 854852, 960613]"
243,"[948953, 1135044, 991223, 909714, 5570882]"
244,"[1106523, 1029743, 1126899, 916122, 899624]"
245,"[883003, 1029743, 1137775, 863447, 983584]"
246,"[1106523, 1029743, 1068719, 1126899, 899624]"
247,"[1000753, 1076056, 901062, 883003, 8090537]"
248,"[1029743, 1106523, 899624, 1126899, 916122]"
249,"[871611, 965766, 899624, 1068719, 1029743]"
250,"[995876, 940766, 1092937, 885697, 925862]"
251,"[874972, 916122, 1040807, 880150, 1070820]"
252,[]
253,"[1012587, 870547, 989069, 1044078, 1022254]"
254,"[862535, 1106523, 5569230, 1029743, 8090537]"
256,"[948670, 885406, 1043494, 1065538, 989824]"
257,"[1093413, 957063, 1106523, 1029743, 1038663]"
258,"[976199, 1106523, 1105488, 1048257, 1041796]"
259,"[1062128, 5568729, 1029743, 1068719, 1106523]"
260,"[913210, 1070820, 1044078, 834117, 1029743]"
262,"[946839, 1040807, 1008814, 1004906, 1132771]"
263,"[1128240, 5574409, 965766, 1098844, 13841744]"
264,"[834117, 1106523, 844179, 1029743, 854852]"
265,"[1106523, 979707, 1029743, 1126899, 5569230]"
266,"[1104349, 854405, 1126899, 1106523, 965766]"
267,"[1029743, 1106523, 1126899, 1068719, 1044078]"
268,"[1106523, 1029743, 894439, 844179, 976199]"
269,"[1131438, 1106523, 1004906, 1029743, 863447]"
270,"[1106523, 1133312, 1029743, 940947, 976199]"
271,"[1106523, 1029743, 1126899, 872137, 1068719]"
273,"[1043663, 1029743, 6979579, 6534480, 1106523]"
274,"[1106523, 1029743, 1126899, 1068719, 1044078]"
275,"[1037863, 1051516, 923789, 1081262, 918638]"
276,"[1042942, 12810391, 991223, 904997, 944534]"
278,"[1029743, 986912, 1106523, 5569230, 866211]"
280,"[9333734, 1029743, 1106523, 1044078, 916122]"
281,"[999104, 916122, 1070820, 854852, 1106523]"
282,"[1013389, 1130581, 979707, 930344, 1123022]"
283,"[878715, 1110111, 1019637, 865705, 1110218]"
284,[]
285,"[1000753, 1013389, 823704, 969866, 827667]"
286,"[901062, 1029743, 834117, 1105488, 1070820]"
287,"[1029743, 1128240, 1044078, 969866, 1106523]"
288,"[1082185, 1026118, 1098844, 829323, 1005456]"
289,"[1093571, 1104343, 1098248, 945662, 1048257]"
290,"[1012587, 1068719, 947798, 885863, 1001702]"
291,"[827919, 989069, 1106523, 845265, 911311]"
292,"[1106523, 1029743, 1004906, 899624, 844179]"
294,"[940766, 824180, 990656, 905087, 932949]"
297,"[1043663, 874972, 1089025, 1074754, 1115175]"
300,"[1106523, 1056509, 969866, 1041796, 1110244]"
301,"[874972, 1024306, 1128240, 825994, 837644]"
302,"[1029743, 892531, 5569230, 976199, 899624]"
303,"[969568, 8090509, 1082141, 982790, 895930]"
304,"[1082185, 8090532, 1029743, 8090509, 9527184]"
305,"[8090532, 885290, 1029743, 1000237, 1050741]"
306,"[6534480, 937292, 12731432, 933835, 834117]"
307,"[1019637, 1029743, 1106523, 899624, 961979]"
308,"[1043787, 862010, 963835, 13841744, 880150]"
311,"[1106523, 1029743, 844179, 6034857, 1126899]"
312,"[1068719, 1126899, 872137, 940947, 844179]"
314,"[1082185, 820486, 844179, 995965, 1130858]"
316,"[1044078, 956486, 1138443, 5568378, 933835]"
317,"[849870, 965766, 1029743, 1082185, 983584]"
318,"[1106523, 1029743, 5569230, 1126899, 976199]"
321,"[945909, 6534030, 944836, 1098844, 5567702]"
322,"[1006342, 872137, 1135552, 1029743, 1106523]"
323,[]
324,"[1098844, 1070820, 858439, 1127831, 1062002]"
325,"[948953, 976199, 1029743, 1013389, 1106523]"
326,"[1037840, 5569230, 1075368, 8090521, 1106523]"
327,[]
328,"[1024306, 1070820, 1048257, 925862, 848319]"
329,"[944836, 1029743, 1127831, 901062, 854852]"
330,"[1004906, 1106523, 1029743, 13841744, 1126899]"
331,"[5569135, 1004906, 1098844, 1106523, 986912]"
332,"[9245106, 998119, 856252, 1104343, 1138443]"
333,[]
334,"[1082185, 5569230, 1106523, 1029743, 1056509]"
338,"[1026118, 1082185, 1106523, 1126899, 901062]"
339,"[1106523, 5592931, 1056509, 1029743, 899624]"
342,"[1037965, 1029743, 990797, 1055504, 925862]"
343,"[1029743, 5568378, 1106523, 899624, 844179]"
345,"[833940, 1068719, 1104343, 976199, 995628]"
346,"[1037863, 907625, 878285, 1029743, 866211]"
347,[]
348,"[1024306, 1044188, 844179, 835300, 1044078]"
349,"[976199, 844179, 1029743, 1106523, 1126899]"
350,"[1087102, 883003, 899624, 1110244, 986912]"
351,"[1037863, 1000753, 870547, 1082185, 1067606]"
353,"[1022254, 12811532, 901062, 866211, 1134810]"
354,"[849870, 1056509, 832678, 1050851, 849202]"
356,"[13841744, 1029743, 1106523, 834117, 1126899]"
357,"[983584, 1040807, 1126899, 1029743, 1043751]"
358,"[1106523, 1068719, 957951, 976199, 5568489]"
360,"[5568378, 1106523, 1029743, 1126899, 1068719]"
361,"[976199, 1068292, 6533608, 952972, 862799]"
362,"[12731714, 993638, 890610, 919766, 1126045]"
364,[]
365,"[1082185, 1136719, 1062128, 953561, 1132771]"
366,"[1029743, 12810422, 1106523, 986912, 1126899]"
367,"[1009368, 823721, 1138443, 852856, 1068719]"
369,"[1029743, 1106523, 965766, 1126899, 9836106]"
371,"[871611, 1137688, 907625, 1051516, 1058404]"
373,[]
374,"[878715, 1110111, 1029743, 964521, 965766]"
375,"[8090532, 1029743, 965766, 8090537, 1068719]"
376,"[917816, 965766, 1044078, 930666, 896862]"
377,"[1082185, 899624, 1121393, 8090509, 1029743]"
378,"[944534, 916122, 933835, 899624, 1106523]"
380,"[1012587, 1082185, 1004906, 1106523, 899624]"
381,"[1075368, 5569230, 834117, 933835, 1081177]"
382,"[1029743, 899624, 1106523, 1068719, 1004906]"
383,"[1137688, 8090546, 979707, 1015785, 1098844]"
384,"[1055504, 1065538, 8293447, 1106091, 1034176]"
385,"[878715, 1087102, 866211, 933835, 6034857]"
386,"[1083787, 1119761, 1106523, 1029743, 1103105]"
387,"[1009719, 851819, 1113274, 916122, 1103105]"
388,"[1029743, 1106523, 1068719, 9884698, 899624]"
389,"[1098844, 991223, 12810391, 847066, 1126899]"
390,"[888543, 993638, 5569230, 1029743, 894439]"
392,"[6034577, 1098248, 1043787, 1092937, 999104]"
393,"[896613, 831628, 1013928, 1068719, 1029743]"
394,"[866211, 835098, 1137775, 1081177, 854852]"
395,"[986912, 1106523, 5569230, 1098844, 940947]"
396,"[901062, 1075368, 1106523, 854852, 872137]"
397,"[914577, 12988031, 1043787, 1128016, 892573]"
398,"[1037840, 5981072, 1022097, 1029743, 1070820]"
400,"[1037840, 1110218, 990256, 5566235, 1121384]"
401,"[965766, 948832, 1127758, 1070272, 1106523]"
402,"[1040807, 1106523, 12171656, 1004906, 1029743]"
404,"[990656, 1092588, 1106523, 1126899, 1029743]"
405,"[948670, 916122, 986912, 1087102, 1029743]"
406,"[1106523, 1029743, 844179, 1110409, 5569230]"
407,"[866211, 983584, 1029743, 1068719, 976199]"
409,"[829323, 1098248, 8090513, 979707, 999858]"
410,"[1029743, 948650, 999858, 854852, 1106523]"
411,"[1082185, 1106523, 1092937, 13841744, 1029743]"
412,"[995628, 945909, 1005274, 1029743, 1004906]"
413,"[1082185, 970160, 1038985, 1098844, 1106523]"
414,"[12349795, 1029743, 1042544, 826597, 12301109]"
415,"[1029743, 1106523, 1126899, 1068719, 1004906]"
417,"[1082185, 903800, 12301109, 6464165, 1098248]"
418,"[1098844, 1029743, 1051468, 1135834, 1048068]"
420,[]
421,"[1126899, 1104343, 999779, 8090440, 995965]"
425,"[969568, 871756, 1130858, 1029743, 1044078]"
426,"[929018, 1098844, 945909, 1022254, 972665]"
427,"[5569845, 1082185, 1044078, 1037840, 1029743]"
429,"[948670, 1029743, 1098844, 1106523, 899624]"
430,"[1006483, 1070845, 1106523, 986912, 5569230]"
432,"[999250, 1106523, 899624, 1044078, 1029743]"
433,"[896613, 1082185, 1106523, 1029743, 969866]"
434,"[1068292, 934639, 895166, 948650, 919534]"
435,"[8090532, 909714, 8090537, 1029743, 1068719]"
437,"[948670, 1099089, 1103105, 9884698, 913210]"
438,"[899624, 1029743, 10149640, 9881593, 8065410]"
441,"[1038985, 6533681, 12810393, 844697, 1029743]"
442,"[1106523, 1029743, 1126899, 899624, 990797]"
443,"[6463775, 1056509, 8014645, 899624, 1126899]"
446,[]
447,"[1070820, 1029743, 1106523, 854852, 1075368]"
449,"[844179, 854852, 1029743, 1126899, 1106523]"
450,"[8015407, 1024051, 863762, 976199, 916122]"
451,"[934639, 1068292, 916122, 1122358, 1070820]"
454,"[828106, 1083787, 888543, 1051323, 949965]"
457,"[1029743, 1106523, 1068719, 844179, 899624]"
458,"[12810391, 899624, 5569230, 5569471, 1029743]"
459,"[885290, 1106523, 863762, 901062, 1029743]"
460,"[1098844, 1029743, 1106523, 1068719, 872137]"
461,"[1050851, 1004906, 897954, 1126899, 1106523]"
462,"[1137775, 1105917, 999858, 854852, 1045586]"
463,"[1055504, 1082185, 12811532, 1106523, 901062]"
464,"[993638, 1029743, 13877192, 1056509, 6463775]"
466,"[1025611, 1044078, 1029743, 1106523, 893018]"
467,"[1106523, 865456, 899624, 999858, 1029743]"
468,"[907625, 1082185, 1082141, 1098284, 866211]"
469,"[1098435, 883202, 1110111, 1098248, 849202]"
470,"[1106523, 1029743, 834117, 1068719, 1126899]"
471,[]
474,"[1012587, 1044078, 9835903, 1068719, 5568378]"
477,[]
478,"[844179, 1029743, 1126899, 1044078, 999270]"
479,"[1029743, 1106523, 1004906, 1126899, 1068719]"
480,"[5569374, 1127831, 854754, 857503, 1106523]"
482,[]
483,"[1106523, 5590695, 5981074, 1029743, 1068719]"
484,"[946839, 1117514, 1050851, 1070820, 854852]"
485,"[1083787, 862799, 972665, 1029743, 1067779]"
487,"[1106523, 1029743, 1126899, 844179, 899624]"
489,"[862010, 1022254, 1138443, 916993, 1019247]"
491,"[1055504, 1056509, 976199, 892314, 1006184]"
493,"[982790, 1029743, 8090539, 1036347, 898068]"
495,"[6534480, 12810391, 852856, 1029743, 1103105]"
497,"[834117, 1106523, 844179, 1126899, 1029743]"
502,"[1029743, 1106523, 1068719, 5569230, 871756]"
503,"[6463742, 1104414, 5591814, 1070820, 901062]"
505,"[1029743, 1106523, 1068719, 1126899, 844179]"
506,"[1029743, 1106523, 1122358, 976199, 1126899]"
507,"[1014948, 1106523, 899624, 1029743, 854852]"
508,"[1104649, 879504, 1025611, 1029743, 1101010]"
510,"[929018, 1112205, 944836, 894447, 837644]"
511,"[1116635, 895166, 1128240, 1029743, 983584]"
513,"[8090532, 1093413, 865026, 9677236, 908318]"
514,"[1029743, 1127831, 866211, 1105488, 1106523]"
515,"[999714, 1106523, 899624, 1070702, 5592931]"
516,"[835098, 844179, 1029743, 971922, 986912]"
517,"[878715, 1098844, 1045586, 1106523, 1054402]"
518,"[1038985, 979707, 13841744, 1137775, 1031087]"
520,"[1029743, 1104343, 1082185, 1106523, 834117]"
521,"[1056212, 1106523, 1026118, 1029743, 986912]"
523,"[1076056, 878285, 837644, 968072, 852856]"
524,"[1106523, 1082185, 1098844, 1029743, 1126899]"
525,"[1075368, 5569230, 1106523, 1126899, 1127831]"
526,"[835278, 859191, 913210, 951190, 834117]"
527,"[6463742, 1131321, 883932, 12988031, 1046584]"
531,"[844179, 1029743, 1106523, 1126899, 1110244]"
533,"[1038663, 899624, 1004906, 1106523, 999779]"
534,"[1124695, 1029743, 1106523, 1068719, 965766]"
537,"[1116635, 1004436, 1106523, 1029743, 1034176]"
538,"[906838, 1009368, 1098844, 1062128, 846417]"
539,"[878715, 1068719, 872137, 976199, 8014645]"
540,"[1068719, 1005274, 1000237, 951412, 995965]"
542,"[1082990, 970202, 831628, 8090537, 1068719]"
543,"[12349795, 8090537, 820486, 826597, 8090521]"
544,"[1029743, 1098844, 1106523, 12946027, 1044078]"
545,"[878996, 1040807, 1098844, 12810393, 1106523]"
547,"[885290, 1029743, 1041796, 1106523, 1022254]"
548,"[885406, 1098435, 1110409, 8276172, 1101706]"
550,[]
552,"[899624, 863885, 1044078, 999779, 1106523]"
553,"[847066, 1110244, 847241, 849202, 1087102]"
554,"[946839, 824180, 993638, 1070272, 1106523]"
556,[]
557,"[1029743, 1068719, 1106523, 857503, 1126899]"
558,"[1106523, 933067, 1029743, 5592931, 893018]"
560,"[870547, 843464, 1104414, 1029743, 863885]"
562,"[957951, 965842, 852856, 862799, 854405]"
563,"[6633273, 1029743, 854852, 5568378, 1075368]"
564,"[1029743, 901062, 834117, 1105488, 965766]"
566,[]
567,"[974156, 1106523, 12811532, 861279, 844179]"
568,"[917816, 969568, 947798, 836445, 1083787]"
569,"[921406, 970160, 12428017, 1044259, 1106523]"
570,[]
574,"[1018007, 969568, 989069, 827667, 983584]"
575,"[890610, 8090536, 1000237, 12648296, 1103105]"
576,"[8090532, 5569230, 8090521, 951412, 6602697]"
577,"[885697, 892531, 868548, 1110244, 827656]"
578,"[854405, 847207, 1029743, 1106523, 8090521]"
579,"[1106523, 844179, 1029743, 1126899, 834117]"
580,"[1041796, 1056509, 976199, 1029743, 940947]"
581,"[1043971, 983584, 834158, 1029743, 1106523]"
582,"[1021324, 854852, 1029743, 1026118, 5569327]"
583,"[1029743, 5569230, 8090521, 970605, 1106523]"
586,"[1102067, 940766, 906335, 1067779, 1031087]"
587,"[1106523, 844179, 1029743, 1126899, 834117]"
588,"[995478, 1024306, 1138443, 1104414, 933835]"
590,"[1029743, 6463775, 1075175, 916122, 1106523]"
591,"[9245106, 1046756, 1106523, 1050851, 933067]"
593,"[1106523, 853998, 1029743, 916122, 1068719]"
594,"[1106523, 1029743, 1068719, 865456, 866211]"
595,"[1106523, 1029743, 916122, 1004906, 844179]"
596,"[1104649, 5569845, 1084036, 1106523, 1068719]"
598,"[1106523, 9553048, 965766, 1050741, 9553382]"
600,"[919766, 942525, 1021324, 938138, 1046587]"
602,"[1014948, 833940, 849202, 1029688, 1021116]"
603,"[1041796, 1029743, 1106523, 919534, 1126899]"
604,"[6979545, 914577, 1005274, 1004906, 1029743]"
605,"[948670, 965772, 1106523, 1055425, 890695]"
606,"[1026118, 1029743, 1106523, 885290, 844179]"
608,"[871756, 1059902, 1127758, 1121393, 907631]"
609,"[1038985, 1106523, 1029743, 916122, 8090537]"
610,[]
611,"[1106523, 834117, 12648296, 1029743, 1126899]"
612,"[1029743, 871061, 1082454, 839656, 1106523]"
613,[]
614,"[965766, 1029743, 1004906, 1106523, 919534]"
615,"[883003, 976199, 1029743, 1106523, 971922]"
617,"[1126899, 9546982, 1106523, 1029743, 951412]"
618,"[1037840, 1106523, 1070820, 949294, 1041796]"
621,"[869728, 943362, 13506200, 1137775, 940947]"
622,"[1029743, 1106523, 1038663, 986912, 1034176]"
623,"[916122, 1106523, 1029743, 1126899, 1117514]"
624,"[828106, 1138292, 1124695, 1008032, 1035207]"
630,"[1000753, 871611, 1138443, 976199, 1121384]"
631,"[957013, 1022254, 979707, 852856, 1102845]"
632,"[1029743, 1082185, 1106523, 960613, 885290]"
633,"[1102416, 1029743, 862799, 833940, 850102]"
636,"[1051516, 1022254, 899624, 1029743, 1082141]"
637,"[1037840, 1035676, 989069, 1103105, 1043494]"
638,"[1029743, 1102067, 12731714, 990797, 951197]"
640,[]
641,"[1102067, 866871, 1126899, 1055504, 1092588]"
643,"[1029743, 899624, 6534035, 1106523, 1024051]"
644,"[948670, 1027168, 1005274, 1081262, 834117]"
647,"[999714, 8090509, 933835, 9527184, 7442008]"
648,"[1026118, 839419, 899624, 854852, 1106523]"
650,"[854852, 835098, 1029743, 1122358, 1106523]"
652,"[890610, 830503, 1051211, 1029743, 1121059]"
653,"[1037840, 963971, 1123842, 952972, 1110111]"
654,"[944137, 1104414, 1034176, 1138443, 1040807]"
655,"[833940, 1029743, 1044078, 5568378, 1106523]"
658,"[1029743, 1106523, 1022254, 5592931, 1068719]"
659,"[5569845, 844179, 1106523, 1037840, 1029743]"
660,"[885023, 904236, 982790, 1043787, 5568447]"
661,"[1014948, 12262778, 1001827, 1004596, 5568721]"
662,"[1070272, 1029743, 1138292, 909714, 863447]"
663,"[1082185, 945662, 1106523, 1029743, 899624]"
665,"[1106523, 1029743, 1126899, 1068719, 922561]"
666,"[1106523, 844179, 1029743, 1041796, 976199]"
667,"[12946027, 1022254, 1029743, 1106523, 872137]"
668,"[1029743, 1022254, 1106523, 908318, 1126899]"
669,"[1082185, 8090532, 1098844, 971922, 1126899]"
670,"[885406, 885863, 979707, 5565202, 1029743]"
671,"[1056509, 1029743, 1067606, 1106523, 1070820]"
672,"[1029743, 5568378, 983584, 1106523, 916993]"
673,"[1082185, 907631, 976199, 1106523, 1029743]"
674,"[1043971, 1037631, 940766, 1043494, 8273833]"
675,"[934948, 870547, 1121384, 1022254, 940766]"
676,"[957951, 899624, 1106523, 947798, 1050741]"
680,"[8090513, 854852, 12301109, 8090521, 1051211]"
681,"[1134483, 967461, 890695, 850102, 1027168]"
684,"[1029743, 1106523, 1003616, 965766, 899624]"
685,"[1015539, 6534077, 1097398, 883202, 863447]"
687,"[1029743, 896613, 906838, 1106523, 5592931]"
690,"[1037840, 976199, 1022254, 1031316, 965766]"
691,"[1082185, 989069, 1050851, 825365, 1029743]"
692,"[1104343, 1019643, 1135834, 1065380, 1004436]"
693,"[934639, 1044188, 1037337, 1104349, 919766]"
694,"[1037840, 883932, 8090537, 1101010, 1029743]"
695,"[1082185, 882247, 982790, 1029743, 971922]"
696,"[1082185, 1138443, 976199, 5569845, 1092588]"
697,"[844179, 834117, 999779, 1126899, 1044078]"
698,"[1106523, 1044078, 5568378, 1029743, 844179]"
699,"[1131438, 8020234, 852856, 966684, 1011457]"
700,"[844179, 1106523, 1029743, 854852, 1126899]"
701,"[1112205, 944137, 5569230, 5585510, 837304]"
702,"[8020234, 1029743, 12731432, 1056509, 989069]"
703,"[5582712, 946995, 1128240, 1057102, 9881592]"
705,"[1029743, 899624, 865456, 1106523, 976199]"
706,"[871611, 1051323, 835098, 933835, 1040807]"
707,"[1014948, 1110111, 6534077, 965766, 1037965]"
708,"[1029743, 1106523, 12949855, 916122, 1092303]"
709,"[5585510, 1123022, 12810393, 1075368, 9833277]"
710,"[1037417, 1024051, 1106523, 13841744, 1029743]"
711,"[1026118, 1106523, 834117, 844179, 1126899]"
712,"[12810391, 940766, 965842, 995628, 7168026]"
713,"[5569230, 1075368, 8090521, 1051211, 1029743]"
714,"[1082185, 1029743, 1055504, 944534, 12301109]"
715,"[1087102, 1040807, 1106523, 1081177, 1042907]"
716,"[1106523, 6034857, 1126899, 844179, 1029743]"
717,"[1106523, 1029743, 965766, 899624, 1044078]"
718,"[963971, 1082185, 1029743, 12731432, 1089954]"
719,"[1040807, 895930, 933835, 1106523, 1029743]"
720,"[1055504, 1056212, 863447, 854852, 872137]"
721,"[1126899, 844179, 999270, 1029743, 1106523]"
722,"[866871, 944249, 902172, 857503, 916122]"
723,"[999104, 909268, 6034857, 1029743, 1098844]"
725,"[1106523, 1068719, 899624, 871756, 957063]"
726,"[986912, 1106523, 1022254, 1029743, 1126899]"
727,"[870547, 1099089, 6534578, 5568729, 1123022]"
728,"[1029743, 976199, 1041796, 899624, 1075368]"
729,"[1029743, 986912, 1126899, 1106523, 1068719]"
730,"[8293447, 1106523, 1126899, 1029743, 1089025]"
731,"[844179, 1126899, 1070820, 834117, 916122]"
733,"[899624, 1106523, 866211, 1029743, 5566472]"
734,"[1055504, 1029743, 970160, 6391381, 1106523]"
735,"[1082185, 1106523, 1072523, 13841744, 1029743]"
736,"[1021324, 866211, 1116741, 1106271, 899624]"
740,"[1051516, 1102067, 1014948, 1024306, 1057102]"
741,"[874972, 1112238, 823721, 852856, 976199]"
742,"[965766, 1106523, 1029743, 1126899, 844179]"
743,"[12384775, 866211, 1025581, 1022254, 1106523]"
744,"[6534480, 1051323, 1098844, 999779, 1056509]"
745,"[854754, 1123022, 1109014, 8069350, 1029743]"
747,"[8090532, 8090509, 8090537, 1004906, 1029743]"
748,"[1029743, 1044078, 1122358, 1106523, 1126899]"
749,[]
750,"[965766, 5568378, 919534, 907631, 1029743]"
752,"[1100972, 986912, 12810422, 1106523, 1098844]"
753,"[1029743, 872137, 1026118, 1009187, 1126899]"
754,"[1036347, 1005274, 901062, 1126899, 1068719]"
755,"[1100972, 10149640, 1137775, 878442, 1106523]"
757,"[947201, 1106523, 1126899, 1029743, 1117514]"
759,"[1029743, 854852, 906844, 976199, 1106523]"
761,"[957951, 1083787, 1068719, 976199, 1104343]"
762,"[1104414, 1068719, 8290421, 1022254, 986912]"
764,"[1029743, 1106523, 965766, 878996, 961979]"
766,"[916990, 1098844, 8290421, 1104343, 848319]"
767,"[1072523, 1029743, 1106523, 1126899, 844179]"
768,"[1123106, 1029743, 993638, 863447, 834117]"
769,"[1070272, 1106523, 8293447, 5592261, 6602440]"
770,"[1029743, 1106523, 1126899, 899624, 1044078]"
771,"[965842, 976199, 827919, 1093571, 916122]"
773,"[835973, 854852, 1070820, 1106523, 1029743]"
776,"[1043971, 1082185, 1029743, 1022254, 12810393]"
777,"[923670, 6533608, 1028891, 1029743, 1046816]"
779,"[1068719, 848319, 872137, 1098248, 856252]"
781,"[12946027, 835278, 865156, 871061, 953561]"
784,"[1008032, 1068719, 5569230, 1029743, 899624]"
786,"[945244, 878715, 1098248, 989069, 1065538]"
787,"[999104, 1029743, 1106523, 899624, 916122]"
788,"[1024051, 1135258, 919534, 5569230, 837751]"
789,"[1106523, 1126899, 1068719, 1029743, 986912]"
790,"[13841744, 1106523, 1029743, 1126899, 976199]"
793,"[947201, 1122358, 1004906, 872137, 1106523]"
794,"[1053730, 1029743, 1051211, 1106523, 1126899]"
795,[]
796,"[969866, 1029743, 1106523, 1022254, 1068719]"
798,"[13841744, 6463742, 6534030, 1126899, 1106523]"
799,"[1126899, 901062, 1106523, 1044078, 1070820]"
800,"[8090532, 1131438, 1130029, 907625, 923670]"
801,"[1082185, 9245106, 9884698, 844179, 976199]"
802,"[1041796, 827667, 983584, 1029743, 979707]"
803,"[1104649, 5569230, 1106523, 1029743, 844179]"
804,"[1013928, 957063, 1029743, 5592931, 960613]"
805,"[871611, 1068292, 870547, 979707, 1044188]"
806,"[8090532, 1082185, 825994, 8090513, 1119761]"
807,"[8090546, 965530, 1029743, 6034857, 12810393]"
808,"[1100972, 1029743, 883202, 1068719, 1106523]"
810,"[910032, 854852, 5569230, 993638, 986912]"
811,"[1070820, 899624, 5568378, 872137, 1029743]"
813,"[883932, 896862, 951412, 1106523, 1045586]"
814,"[1012587, 985999, 907631, 897954, 1029743]"
816,"[901062, 1075368, 1106523, 1029743, 1089025]"
817,"[1082185, 1092588, 866211, 1070820, 1121384]"
818,"[1029743, 1004906, 909714, 1137775, 1087102]"
820,"[1037840, 12648296, 1037417, 8090509, 9884698]"
822,[]
823,"[1029743, 1106523, 1126899, 1070820, 916122]"
824,"[1106523, 1029743, 1016800, 1004906, 1126899]"
825,"[915493, 1082185, 1110409, 8290421, 834158]"
826,"[1037840, 1106523, 1029743, 1030093, 1081177]"
829,"[1104414, 1029743, 872137, 1106523, 1137775]"
830,"[1082185, 1029743, 1106523, 899624, 13841744]"
831,"[1083787, 999714, 12349795, 888543, 890695]"
836,"[851287, 940947, 9884698, 5569230, 1042544]"
837,"[872137, 854852, 1106523, 1029743, 1068719]"
840,"[1112238, 1090884, 948650, 965766, 1038985]"
841,"[1128240, 1106523, 916122, 1044078, 1040807]"
842,"[1041796, 861279, 1038663, 1068719, 12262992]"
844,"[923670, 1011457, 899624, 1003616, 9835509]"
845,"[906838, 825994, 897954, 8090537, 1106523]"
846,"[837865, 829291, 866211, 890695, 1106523]"
847,"[1001827, 963835, 1062128, 1004906, 1005274]"
848,"[826666, 5565202, 1016709, 1050534, 1106271]"
850,"[1106523, 899624, 1029743, 823990, 937292]"
852,"[1070820, 1126899, 1029743, 1106523, 848319]"
853,"[970202, 961979, 951412, 1029743, 1005274]"
854,"[854852, 901062, 1106523, 6034857, 1004906]"
855,"[1112238, 1098844, 916993, 825994, 1029743]"
856,"[1029743, 1068719, 1022254, 990797, 1127758]"
857,"[923670, 835530, 865026, 868548, 996009]"
858,"[1029743, 1106523, 1068719, 899624, 1126899]"
859,"[1102067, 883932, 13841744, 887503, 13877192]"
861,[]
862,"[1029743, 1041796, 901062, 983584, 1106523]"
863,"[1037337, 5569135, 1119761, 863447, 916122]"
864,"[883003, 1137346, 1128812, 1132771, 1101010]"
865,"[1106523, 1067606, 899624, 1075368, 1044078]"
866,"[1082185, 1106523, 870547, 1044078, 1056509]"
867,"[1055504, 5569230, 866211, 983584, 1075368]"
868,"[834117, 912704, 1022097, 852856, 916993]"
869,"[5592931, 1106523, 1029743, 12946027, 1126899]"
871,"[5569845, 878715, 1055504, 979707, 1055425]"
875,"[1106523, 854852, 1126899, 1070820, 844179]"
876,"[885863, 1123106, 7155863, 1003649, 839419]"
877,"[1106523, 871061, 1126899, 1029743, 1022254]"
878,"[947798, 940766, 846823, 7442008, 990656]"
879,"[835530, 862682, 6534030, 8090536, 5569230]"
880,"[1029743, 1070820, 1106523, 965766, 999104]"
881,[]
882,"[957063, 1106523, 1043751, 1029743, 1137775]"
883,"[12731714, 1022254, 1051516, 1082185, 1110111]"
884,[]
885,"[1082185, 1106523, 844179, 1044078, 1029743]"
886,"[1070820, 948670, 1029743, 916122, 986912]"
887,"[884945, 5585510, 1029743, 1106523, 899624]"
888,"[940766, 991223, 10344585, 1000237, 1042438]"
889,"[8090532, 1102067, 1024306, 9297474, 1072968]"
891,"[1012587, 1093571, 894447, 983584, 854405]"
893,"[1136524, 882190, 895295, 872137, 1106523]"
894,"[1106523, 1029743, 986912, 1126899, 5568378]"
895,"[1112238, 5568489, 12349795, 999104, 9881592]"
897,"[1029743, 976199, 1106523, 835098, 1070820]"
898,"[1022254, 9187298, 848319, 13877192, 1011926]"
900,"[885863, 948670, 12731714, 976199, 6979579]"
903,[]
904,"[836445, 1106523, 1029743, 899624, 872137]"
906,"[911974, 1082185, 1137507, 860703, 1106523]"
907,"[896613, 1029743, 1106523, 1022254, 986912]"
908,"[1051516, 1029743, 952972, 1022254, 1068719]"
909,"[848319, 10149640, 976199, 9935616, 1045586]"
911,"[1051516, 1024306, 1092303, 5568729, 1117514]"
913,"[994223, 1070820, 1029743, 1106523, 834117]"
914,"[823721, 12302069, 5569230, 1106523, 916122]"
915,"[1068719, 880150, 1106523, 5569230, 1029743]"
916,"[1029743, 1106523, 1075368, 854852, 878996]"
919,"[1029743, 1044078, 1106523, 1081177, 899624]"
920,"[1082185, 826666, 1097001, 1106523, 9884698]"
922,"[847207, 1130581, 1106523, 1004906, 5569230]"
924,"[940766, 1029743, 820486, 1106523, 1054262]"
926,"[1138443, 1101706, 1029743, 1106523, 944836]"
927,"[854852, 901062, 6034857, 1106523, 999858]"
928,"[1037863, 866211, 1029743, 1026118, 1106523]"
929,"[1068292, 999250, 845774, 7139529, 5568729]"
930,"[1050741, 850102, 866211, 1029743, 983584]"
931,"[870547, 1024051, 1042544, 1040807, 1041796]"
934,"[948650, 1068719, 1124695, 933835, 850102]"
935,[]
936,"[907625, 9245106, 1029743, 1106523, 983584]"
937,"[1134810, 995965, 6034857, 1021116, 1126899]"
939,"[1029743, 13841744, 1106523, 1102416, 12811532]"
940,"[1029743, 1106523, 1126899, 976199, 872137]"
941,"[9677236, 5568378, 5569327, 890695, 1106523]"
942,"[946995, 6534480, 1015539, 879876, 944139]"
943,"[1035207, 5592931, 1106523, 1029743, 12648296]"
944,"[903609, 979707, 1082185, 1106523, 1004906]"
946,"[1082185, 1100972, 948650, 1068719, 944534]"
947,"[1101010, 883003, 1081177, 895930, 1029743]"
949,"[8090537, 8090521, 829001, 1029743, 828106]"
951,"[1029743, 823704, 1042438, 1050851, 1106523]"
952,"[1122358, 1029743, 1004906, 1075368, 1106523]"
953,"[965842, 1029743, 9419525, 1123022, 5568378]"
954,"[844179, 1044078, 1126899, 944836, 854852]"
955,"[995876, 1106523, 911974, 5568721, 860703]"
956,"[968072, 1022254, 1008032, 1070820, 933835]"
957,"[5592931, 13841744, 969866, 1068719, 986912]"
959,"[1106523, 1029743, 1022254, 1044078, 1126899]"
960,"[1029743, 886395, 899624, 1126899, 1106523]"
961,"[1082185, 1029743, 1106523, 956672, 844697]"
964,"[1044188, 1106523, 1051211, 1098844, 1029743]"
965,"[871756, 944534, 1122358, 5592261, 12301100]"
967,[]
968,"[1000753, 1035676, 7442008, 916122, 1070702]"
969,"[1029743, 1106523, 965766, 1068719, 5569230]"
971,"[878715, 1081177, 866211, 1075368, 1108094]"
972,"[982790, 1136719, 832678, 6632283, 965766]"
973,"[6548453, 1018007, 885406, 921406, 907625]"
974,[]
975,"[1098248, 5569327, 944836, 1029743, 1106523]"
976,"[826666, 5565202, 1057102, 9881592, 903800]"
978,"[1106523, 1042907, 871756, 866211, 826597]"
979,"[1082185, 904236, 1035676, 968072, 990656]"
981,"[1106523, 1070820, 1029743, 1126899, 899624]"
982,"[999104, 885697, 910032, 883202, 870547]"
983,"[965766, 1029743, 844179, 1036347, 883003]"
984,"[1029743, 1126899, 1106523, 1022254, 899624]"
985,"[1029743, 9245106, 1040807, 5568729, 1106523]"
986,"[1116635, 8090440, 916122, 1029743, 961979]"
987,"[1065538, 819978, 1137775, 986912, 916122]"
988,"[1102067, 1044188, 1070820, 1029743, 1106523]"
989,"[1068292, 8090509, 986912, 899624, 979707]"
991,"[5585510, 986912, 6034857, 971922, 835098]"
992,"[909714, 1029743, 986912, 1106523, 1068719]"
993,"[8090541, 993638, 971922, 1101010, 1056509]"
996,"[1106523, 1029743, 899624, 1126899, 1135834]"
997,"[1137346, 1019247, 999858, 1070820, 872137]"
998,"[1000753, 1136524, 1037840, 1082185, 5568732]"
999,"[8090532, 1029743, 6704207, 5590695, 899624]"
1000,"[1131438, 854852, 986912, 1029743, 6034857]"
1001,"[12301109, 834117, 910109, 1135834, 1126899]"
1003,"[5592931, 1029743, 1106523, 1024051, 990797]"
1004,"[995628, 849202, 1029743, 1106523, 899624]"
1005,"[12731714, 917816, 1119761, 937292, 1004906]"
1007,"[1029743, 1106523, 1098844, 1126899, 844179]"
1008,"[899624, 1029743, 910473, 872137, 1044078]"
1010,"[9527323, 6463775, 971922, 854405, 1127831]"
1011,"[944836, 916122, 1106523, 1029743, 1046756]"
1012,"[8090440, 1106523, 1029743, 857503, 1126899]"
1014,"[911974, 1104343, 948670, 976199, 1022254]"
1015,"[1037332, 986912, 1106523, 1126899, 1029743]"
1018,"[936355, 1029743, 1070820, 1106523, 1018740]"
1019,"[1043663, 1068292, 1106523, 863447, 854852]"
1020,"[946995, 929018, 10149640, 999250, 1135044]"
1021,"[1126899, 1106523, 1029743, 1070820, 916122]"
1023,"[1014948, 1044259, 847241, 974204, 5570882]"
1024,"[5582712, 1070702, 933835, 1043751, 940947]"
1025,"[1128240, 1106523, 865456, 1044078, 1029743]"
1027,"[1040807, 862799, 899624, 1106523, 1126899]"
1029,"[1037863, 995876, 1126899, 964521, 1098248]"
1030,[]
1034,[]
1038,"[1029743, 5592931, 1022254, 1026118, 1070820]"
1039,"[910032, 5569230, 5569471, 972665, 835098]"
1040,"[5981072, 948298, 894447, 849202, 1050741]"
1041,"[1068719, 885863, 963971, 870547, 1116635]"
1042,"[856252, 1054262, 916122, 1121384, 985999]"
1043,[]
1045,"[1043663, 1124695, 931255, 834117, 1029743]"
1046,"[976214, 5981072, 916758, 1071342, 1135552]"
1047,"[1106523, 1029743, 844179, 899624, 916122]"
1050,"[1037863, 1137688, 1068719, 965766, 1068292]"
1051,"[1029743, 838186, 1004906, 1106523, 1137775]"
1053,"[979707, 1137775, 971922, 6602327, 835279]"
1057,"[8090532, 916990, 892531, 1131488, 12171656]"
1058,"[1129049, 1106523, 883003, 844179, 1029743]"
1060,"[990797, 1135834, 1055425, 995965, 5569327]"
1061,"[826666, 1012587, 1093413, 843464, 1127758]"
1062,"[1070820, 1056509, 1029743, 1126899, 1106523]"
1064,"[1093571, 862799, 8090521, 1070820, 1106523]"
1066,"[1100972, 885290, 944534, 835098, 854405]"
1067,"[8090532, 12731714, 974156, 946839, 1029743]"
1068,"[999779, 1025611, 1044078, 1029743, 1106523]"
1069,"[904129, 989069, 1029743, 865456, 983584]"
1070,"[8293439, 983584, 1096635, 1029743, 990797]"
1071,"[1029743, 1106523, 1004906, 899624, 1044078]"
1073,"[829001, 965766, 5569230, 923789, 916122]"
1074,"[874972, 892531, 885406, 1057011, 1092937]"
1075,"[10149640, 910673, 1029743, 1106523, 5569230]"
1076,"[1089954, 999714, 1036347, 865456, 1075368]"
1077,"[12731714, 1029743, 937292, 879504, 835098]"
1078,"[1082185, 6034577, 1098844, 1026118, 1101706]"
1080,"[1068719, 1013928, 899624, 12384775, 8090537]"
1081,"[1098435, 946995, 1106523, 5569230, 1068719]"
1082,"[1106523, 863447, 1004906, 5568378, 910473]"
1083,"[839419, 1106523, 899624, 1029743, 933835]"
1084,"[907625, 847241, 6704207, 1029743, 1106523]"
1085,"[874972, 908064, 944139, 1070702, 908318]"
1086,"[1106523, 1029743, 844179, 899624, 1004906]"
1087,"[12301405, 899624, 916122, 1106523, 1072523]"
1088,"[835530, 1106523, 1068719, 1029743, 1044078]"
1089,"[947798, 1006483, 1029743, 1106523, 1024051]"
1090,"[916122, 1106523, 1126899, 1004906, 976199]"
1091,"[965766, 1060408, 12302069, 932863, 879504]"
1092,"[13841744, 1029743, 1106523, 1128016, 1068719]"
1093,"[1082185, 901062, 1029743, 834117, 1105488]"
1094,"[8090509, 831628, 1051323, 1138443, 899019]"
1096,"[1026118, 1022254, 844179, 1106523, 1068719]"
1097,"[848319, 8090440, 982469, 1121360, 908283]"
1098,"[1029743, 1102416, 856252, 899624, 983584]"
1100,"[976199, 1126899, 1106523, 1029743, 844179]"
1102,"[1086483, 1106523, 1044078, 1104649, 866211]"
1103,"[862535, 8090440, 1051211, 1029743, 1126899]"
1104,"[7442008, 1029743, 986912, 885290, 1106523]"
1105,[]
1106,"[1037840, 1106523, 1029743, 872137, 5569845]"
1108,"[1106523, 1029743, 1126899, 1056509, 1068719]"
1109,"[1115576, 1046816, 6034857, 1070820, 857503]"
1110,"[1018007, 948650, 916122, 1070820, 1029743]"
1111,"[827919, 1082185, 862682, 1106523, 5585701]"
1112,"[1082185, 1106523, 1029743, 844179, 1126899]"
1113,"[869728, 1004906, 829323, 909714, 916122]"
1114,"[1106523, 1029743, 12648296, 844179, 1126899]"
1115,[]
1117,"[1001702, 1099089, 854852, 1106523, 986912]"
1119,"[990797, 1106523, 1029743, 940947, 1082212]"
1120,"[1029743, 1106523, 899624, 916122, 896613]"
1121,"[6979545, 1092937, 9835509, 966684, 1029743]"
1123,"[1098844, 1041796, 1126899, 1106523, 919534]"
1124,"[1029743, 1106523, 1042544, 5569327, 1056509]"
1127,"[1106523, 13841744, 5592931, 1029743, 1126899]"
1128,"[921406, 1044188, 5592931, 999198, 1015785]"
1129,"[858439, 1029743, 909714, 1126899, 1106523]"
1130,"[1093413, 1051516, 1137775, 896613, 990797]"
1131,"[940766, 1029743, 908318, 1106523, 1126899]"
1132,"[836445, 1025611, 1004906, 922561, 1044078]"
1133,"[1112205, 1098844, 1029743, 1106523, 976199]"
1134,"[948670, 1029743, 1051323, 5585510, 1106523]"
1135,"[1106523, 1029743, 844179, 1044078, 1068719]"
1136,"[9835223, 1029743, 1106523, 907631, 999779]"
1137,"[12301405, 1124432, 885290, 914318, 1029743]"
1138,"[1015539, 5568721, 1106523, 1029743, 1068719]"
1139,"[907625, 1051468, 833724, 872137, 1106523]"
1141,"[910673, 983584, 1106523, 1029743, 976199]"
1142,"[1014948, 1128240, 907625, 878715, 916122]"
1145,"[1037417, 12648296, 1094308, 907099, 986912]"
1146,"[1037863, 1029743, 846823, 1098844, 1004906]"
1147,"[870547, 1068719, 1124695, 883932, 862799]"
1149,"[1026118, 844179, 1106523, 1044078, 1029743]"
1151,"[1136524, 6602697, 916122, 1122358, 1029743]"
1152,"[1110111, 1106523, 5569471, 1029743, 5569327]"
1154,"[1001333, 1106523, 1089025, 1029743, 899624]"
1155,"[1029743, 1126899, 1070820, 1075368, 854852]"
1157,"[866211, 1070820, 1045586, 1029743, 1041796]"
1158,"[929018, 1019637, 1124695, 1098844, 1106523]"
1159,"[8090532, 1082185, 1068719, 1050741, 1029743]"
1160,"[1106523, 1068719, 5592931, 844179, 1004906]"
1161,"[835098, 854852, 8090537, 1029743, 1122358]"
1163,"[6039859, 896862, 919534, 1041796, 1005274]"
1164,"[1080853, 901062, 1070820, 10149640, 1029743]"
1166,"[1090884, 862799, 1029743, 899624, 1060408]"
1167,"[1082185, 8019977, 964521, 866211, 862070]"
1168,"[1019637, 983584, 1029743, 1004906, 986912]"
1169,"[1022254, 899624, 1138443, 1072917, 1038663]"
1171,"[1029743, 919534, 1106523, 1081177, 1126899]"
1172,"[1009368, 1029743, 1068719, 1082185, 1122358]"
1174,"[1029743, 1070820, 13841744, 1126899, 1098248]"
1175,"[9677366, 907099, 1098844, 869047, 6534035]"
1176,[]
1178,"[1104343, 5569230, 863447, 6464165, 1004906]"
1179,"[963971, 1018007, 865705, 854496, 862010]"
1180,"[1029743, 965766, 1104649, 1122358, 865456]"
1182,"[1068719, 899624, 1106523, 1044078, 1029743]"
1183,[]
1185,"[1059902, 863447, 1121360, 930666, 5568378]"
1186,"[1055504, 1057102, 1098844, 1026258, 872137]"
1187,"[1138487, 1137344, 1068719, 962185, 1027168]"
1188,"[1029743, 1106523, 883202, 960613, 1103105]"
1189,"[1106523, 904997, 1082185, 1029743, 1072523]"
1190,"[1116635, 1029743, 1106523, 12810393, 1075214]"
1191,"[965766, 999104, 823721, 890695, 5569230]"
1192,"[1029743, 913210, 1106523, 5569230, 5568378]"
1193,"[1013928, 1106523, 899624, 1029743, 1116635]"
1194,"[1000753, 1022254, 993638, 910473, 1044078]"
1195,"[871061, 1106523, 1126899, 844179, 1029743]"
1196,"[885023, 892531, 1096458, 854852, 909714]"
1197,"[1137346, 919534, 856252, 933835, 1137775]"
1198,"[1029743, 1098844, 1106523, 863447, 854405]"
1201,"[1029743, 1106523, 899624, 1126899, 1070820]"
1202,"[1050851, 1044078, 8090537, 5568378, 1106523]"
1203,"[1068292, 1035676, 908064, 846823, 1042438]"
1204,"[917033, 926905, 5587656, 1106523, 933835]"
1205,"[870547, 5592931, 1029743, 1075979, 1068719]"
1206,"[1037863, 836445, 12302069, 1043751, 1132771]"
1207,"[1029743, 1126899, 872137, 1068719, 1106523]"
1208,"[1106523, 1029743, 1098284, 976199, 1034176]"
1209,"[1029743, 986912, 1106523, 965766, 1004906]"
1210,"[1029743, 1106523, 1070820, 1068719, 1126899]"
1211,"[1000753, 9297474, 6034577, 963971, 836445]"
1214,[]
1216,"[946995, 5569230, 871756, 895930, 986912]"
1217,"[12384775, 1029743, 1004906, 866211, 5981074]"
1218,"[999104, 1027168, 916122, 862799, 1070820]"
1219,"[1106523, 844179, 1068719, 1029743, 1022254]"
1221,"[1029743, 1098844, 1106523, 1004906, 916993]"
1222,"[1131438, 848319, 1040807, 5570383, 5569230]"
1223,"[1106523, 899624, 1029743, 1126899, 1042544]"
1224,"[1068719, 969866, 9835903, 1029743, 1106523]"
1225,"[1029743, 1106523, 1004906, 899624, 12648296]"
1226,"[1098844, 1042616, 890695, 856252, 835098]"
1227,"[5568378, 1070702, 1106523, 1029743, 916122]"
1228,"[952972, 1106523, 1110111, 1137775, 1068719]"
1229,"[1137688, 970747, 1136719, 979707, 991223]"
1230,"[1106523, 1126899, 1029743, 986912, 1068719]"
1231,"[1082185, 8090541, 890909, 1029743, 1106523]"
1234,"[854496, 885406, 13506200, 5568378, 923670]"
1236,"[965766, 1082185, 5569230, 1029743, 8090521]"
1238,"[834826, 890610, 829323, 872137, 835098]"
1240,"[1036347, 1106271, 6034857, 909714, 1062128]"
1241,[]
1242,[]
1245,"[1037863, 862070, 950206, 819308, 1106523]"
1246,"[964521, 966684, 971922, 1108094, 1126899]"
1247,"[1029743, 1022254, 886395, 1098844, 899624]"
1248,"[885290, 863885, 865511, 925862, 1082185]"
1249,"[1106523, 854405, 1029743, 899624, 1068719]"
1252,"[1070820, 872137, 1106523, 1126899, 1068719]"
1255,"[1106523, 1126899, 986912, 1068719, 1056509]"
1256,"[1137688, 965842, 991223, 944836, 979707]"
1257,"[1029743, 1106523, 1126899, 1026118, 963835]"
1258,"[872137, 883932, 849202, 1051211, 901062]"
1259,"[6533608, 916993, 960732, 910032, 1029743]"
1260,"[1051516, 9677366, 949257, 999104, 1098248]"
1261,"[1056212, 1055504, 866211, 1106523, 986912]"
1262,[]
1263,"[12262778, 1029743, 5569230, 1106523, 986912]"
1264,"[952972, 916990, 1083787, 1134483, 6463742]"
1265,"[971922, 1067606, 1106523, 1054402, 1029743]"
1266,"[12810391, 863447, 899624, 916122, 1022254]"
1267,"[1098844, 916122, 6034857, 1029743, 12171656]"
1269,"[827919, 1082185, 1106523, 1029743, 899624]"
1270,"[896613, 1082185, 1106523, 919681, 1026118]"
1271,"[847066, 1029743, 872137, 835098, 899624]"
1272,"[948670, 1070845, 999198, 854852, 6602697]"
1274,"[963835, 8090521, 1070820, 8090537, 1068719]"
1277,"[1006483, 1128240, 1137346, 990797, 1106523]"
1278,[]
1279,"[904997, 895166, 846823, 999714, 965766]"
1280,[]
1281,"[1044078, 1106523, 1070820, 12301100, 913210]"
1282,"[1086483, 836445, 9835223, 1070272, 951190]"
1283,"[1106523, 1029743, 1070820, 1126899, 1044078]"
1284,"[5569792, 999779, 871756, 899624, 835098]"
1285,"[1128240, 946995, 996028, 1035676, 916122]"
1287,"[1104414, 965766, 872137, 1029743, 1106523]"
1288,"[897954, 1081177, 6039859, 1106523, 1126899]"
1289,"[1029743, 1055155, 1106523, 5569230, 872137]"
1290,"[916122, 1081177, 1106523, 899624, 1044078]"
1291,"[874972, 872137, 851188, 854852, 1132771]"
1293,"[934639, 5592931, 12301405, 944534, 1029743]"
1294,"[878715, 1043494, 896862, 9884698, 12302069]"
1295,"[1029743, 983584, 1106523, 1119761, 1043751]"
1296,"[12810393, 880150, 908318, 901062, 935578]"
1297,"[882247, 1029743, 970202, 1117514, 1082185]"
1298,"[12695224, 931255, 1106523, 1004906, 916122]"
1299,"[1043663, 1137346, 979707, 6463775, 913210]"
1300,"[1055504, 1128240, 8065410, 12811532, 1106523]"
1303,"[1035207, 1104414, 8090539, 9884698, 966684]"
1304,"[871611, 1029743, 863447, 1070820, 976199]"
1305,"[1013928, 904129, 837644, 983584, 5569230]"
1306,"[892531, 1001702, 1029743, 985999, 9884698]"
1307,"[1029743, 1106523, 1126899, 899624, 951197]"
1310,"[1029743, 1106523, 1004906, 844179, 1126899]"
1312,"[919534, 1098248, 1110244, 858439, 1134810]"
1313,"[1029743, 8090521, 1126899, 872137, 965766]"
1314,"[963971, 5582712, 1029743, 910473, 862070]"
1316,"[870547, 1029743, 919534, 829001, 933067]"
1317,"[5568489, 1138292, 7442008, 1029743, 1138487]"
1318,"[995876, 963835, 852856, 5569230, 1138487]"
1319,"[5569845, 880150, 844179, 1106523, 1037840]"
1321,"[1106523, 12810393, 1044078, 1127831, 1029743]"
1325,"[837270, 1098844, 957013, 1044759, 6602327]"
1326,"[948670, 1029743, 963971, 899624, 983584]"
1328,"[1029743, 922561, 13841744, 1106523, 1004906]"
1329,"[1098248, 866211, 1029743, 986912, 841220]"
1330,"[856252, 1042907, 1106523, 899624, 1029743]"
1331,"[1041796, 1029743, 1106523, 1102416, 1031316]"
1332,"[1112205, 880150, 996028, 12810393, 1062128]"
1333,"[1102067, 1055425, 1069003, 7155863, 882604]"
1334,"[1029743, 1106523, 854852, 893018, 835098]"
1335,"[835973, 878996, 1029743, 1098248, 1106523]"
1336,"[882247, 1138443, 1044078, 979707, 7155863]"
1337,"[923670, 929018, 989069, 833940, 9527184]"
1338,"[1014948, 989069, 1106523, 899624, 1044078]"
1340,"[1106523, 1029743, 1068719, 1126899, 909714]"
1342,[]
1343,[]
1344,"[1029743, 919534, 951561, 979707, 1106523]"
1346,"[1029743, 8090521, 1101010, 1138443, 878996]"
1347,"[882247, 917033, 849202, 1029743, 6034857]"
1350,"[1037863, 836445, 940766, 1029743, 965766]"
1351,"[1029743, 1106523, 1126899, 1068719, 872137]"
1352,"[8290421, 866211, 6602697, 976199, 10149640]"
1353,"[1137346, 13506200, 5568729, 12262992, 1137775]"
1354,"[12648296, 9527159, 1029743, 1100972, 1106523]"
1355,"[1044078, 844179, 1070820, 852856, 1126899]"
1356,"[1070820, 5569230, 1106523, 872137, 1029743]"
1357,"[1070820, 1029743, 1126899, 1106523, 1068719]"
1358,"[8090509, 1041796, 1029743, 1070820, 844179]"
1359,"[1029743, 1106523, 916122, 1126899, 5569230]"
1360,[]
1361,[]
1362,"[7168026, 1121393, 921406, 1106523, 1105488]"
1363,"[1098844, 835098, 964521, 841220, 938138]"
1364,"[1029743, 999250, 1044078, 1106523, 1056509]"
1366,"[922561, 1101010, 854405, 854852, 1026118]"
1367,"[1116635, 8090513, 1087102, 8090550, 940947]"
1368,"[944137, 1009368, 862799, 963835, 1070702]"
1369,"[824180, 1011926, 895295, 845307, 1126899]"
1370,"[1000753, 968072, 965766, 1099089, 1106523]"
1373,"[6034857, 1126899, 1106523, 5569230, 893018]"
1374,"[1037840, 871611, 895166, 944534, 1004906]"
1375,"[1082185, 6034857, 1106523, 1070820, 1029743]"
1376,"[989069, 6534077, 1029743, 1034176, 12731432]"
1378,"[859427, 9297474, 909268, 1097001, 1062002]"
1379,"[1137688, 944137, 999714, 957013, 1055504]"
1380,"[1106523, 1029743, 872137, 901062, 844179]"
1381,"[844179, 1029743, 1126899, 1044078, 999270]"
1382,"[1106523, 1022254, 1029743, 1056509, 1126899]"
1383,"[909714, 1034176, 1029743, 1126899, 1106523]"
1384,"[1106523, 1029743, 1004906, 844179, 5592931]"
1385,"[846823, 1029743, 941797, 1022254, 825703]"
1387,"[944534, 1105917, 1029743, 5568732, 1106523]"
1388,"[5569845, 7168058, 870315, 963835, 5570383]"
1389,"[885290, 5568447, 1105488, 933835, 1126899]"
1390,"[995628, 872137, 976199, 851819, 979707]"
1391,"[965772, 1110111, 1092303, 862799, 911311]"
1393,"[12811532, 1044759, 823721, 12810393, 901062]"
1394,"[6979545, 852856, 940947, 908064, 880150]"
1395,"[6533608, 880427, 1029743, 1026118, 8090537]"
1397,"[1068719, 1002850, 1092937, 836445, 1085983]"
1398,"[844179, 1029743, 1106523, 1068719, 965766]"
1399,"[1093571, 6034857, 872137, 1070820, 1126899]"
1401,"[1043663, 1029743, 976199, 1044078, 1106523]"
1402,"[1106523, 937292, 1029743, 965766, 969866]"
1403,[]
1405,"[1056509, 1106523, 976199, 835098, 5585510]"
1406,"[1082185, 948298, 826666, 1138443, 933835]"
1408,"[1106523, 1126899, 844179, 8090537, 1029743]"
1409,"[1029743, 1106523, 885290, 1056509, 1126899]"
1410,"[1029743, 1106523, 1026118, 1126899, 844179]"
1412,"[862799, 8090539, 1131488, 1029743, 9487606]"
1413,"[1106523, 1029743, 1056509, 986912, 1126899]"
1414,"[1126899, 1106523, 976199, 1029743, 1004906]"
1417,"[896613, 899624, 1106523, 1029743, 913210]"
1418,"[1029743, 956672, 1098844, 1008547, 1106523]"
1419,"[1019637, 1100972, 895166, 1106523, 993638]"
1421,"[1083787, 1029743, 1043751, 899624, 6534480]"
1423,"[1082185, 5981267, 1068719, 1022254, 5568378]"
1425,"[8090509, 1029743, 8090521, 1106523, 1101010]"
1426,"[1029743, 919534, 1106523, 13841744, 916122]"
1427,"[1050534, 1046587, 996009, 909714, 986912]"
1428,"[1029743, 866211, 1068719, 839419, 10149640]"
1429,"[1126899, 897954, 1106523, 1050851, 1004906]"
1430,"[948670, 1093413, 1070845, 1006342, 965842]"
1431,"[934399, 1021324, 998119, 832678, 1029743]"
1434,"[908283, 839419, 1042616, 820321, 1075368]"
1437,"[1021324, 1044078, 893018, 1044759, 933067]"
1440,"[1070702, 1043751, 983584, 1056509, 1106523]"
1443,"[1070820, 1029743, 906844, 1068719, 1106523]"
1445,"[892531, 8090509, 1117514, 909714, 6034857]"
1447,"[880150, 844179, 872137, 913210, 8090537]"
1450,"[979707, 1106523, 1029743, 9884698, 1126899]"
1451,"[948670, 957951, 1082185, 981086, 999779]"
1452,"[1008032, 1013928, 1029743, 1106523, 1068719]"
1453,"[944137, 946995, 903800, 1112238, 5569845]"
1454,"[1082185, 1029743, 979707, 1098248, 13877192]"
1457,"[1136524, 1106523, 863447, 910673, 1044078]"
1458,"[1083787, 976199, 990797, 1128016, 12988031]"
1459,"[970202, 918046, 5569230, 8065410, 844179]"
1461,"[1082185, 1000753, 938138, 852856, 912704]"
1462,"[1080853, 890695, 12810393, 885290, 1127831]"
1463,"[8090560, 835300, 986912, 1106523, 1004906]"
1464,"[870547, 973916, 976214, 1100972, 6034857]"
1465,"[824180, 976199, 1029743, 1022254, 916122]"
1466,[]
1467,"[8090539, 1029743, 1097001, 5569327, 9836106]"
1470,"[1063739, 998119, 1070820, 1029743, 1082990]"
1471,"[1126899, 1106523, 1029743, 1070820, 1068719]"
1473,"[1098844, 914577, 1104343, 901666, 5568729]"
1474,"[1037840, 9487606, 883932, 933835, 1106523]"
1475,"[963971, 1137688, 874972, 969568, 970747]"
1476,"[9677366, 8090513, 1115576, 907099, 5570383]"
1479,"[5592931, 1029743, 1100972, 1106523, 849870]"
1480,"[1029743, 1106523, 1068719, 965766, 1056509]"
1481,"[1029743, 965766, 971922, 944836, 1055425]"
1483,"[850102, 971922, 1082185, 1045586, 5569230]"
1484,"[995628, 944836, 919534, 1004906, 1127831]"
1485,"[1106523, 953561, 854852, 1126899, 976199]"
1487,"[1029743, 951197, 12810393, 940947, 5569230]"
1488,"[1054262, 1103105, 1075175, 5569327, 9881593]"
1489,"[1134483, 9553382, 856252, 1029743, 1110244]"
1490,"[1068292, 851819, 934639, 829323, 8290421]"
1491,"[847066, 948953, 1106523, 970202, 901062]"
1492,"[1029743, 1106523, 1098248, 969866, 1126899]"
1493,"[1126899, 1004906, 1040807, 883003, 1106523]"
1494,"[1086483, 836445, 1029743, 899624, 1044078]"
1495,"[1123842, 869047, 12301405, 1004390, 863447]"
1499,"[1106523, 1029743, 1126899, 13877192, 1070820]"
1500,"[1122358, 1029743, 1022254, 1106523, 1106271]"
1501,"[1082185, 827919, 1006342, 885406, 1104414]"
1502,"[1106523, 1070820, 1029743, 916122, 916993]"
1506,"[952972, 869047, 1044078, 1004906, 12301100]"
1507,"[13841744, 1029743, 866211, 1043751, 936355]"
1508,"[1122358, 872137, 1126899, 1004906, 1029743]"
1509,"[1110218, 1090931, 903800, 844697, 1073902]"
1510,"[1115576, 848319, 865026, 1005456, 910032]"
1511,"[5569845, 964521, 1029743, 871756, 983584]"
1512,"[916122, 986912, 899624, 1029743, 1106523]"
1513,"[1029743, 916122, 1106523, 986912, 1126899]"
1514,"[906335, 956672, 1006184, 1126899, 995965]"
1515,"[1041796, 5569230, 990797, 1121360, 872137]"
1517,"[1082185, 960613, 5569471, 7442180, 910032]"
1518,"[1106523, 1029743, 1050741, 986912, 844179]"
1519,"[862535, 885863, 965842, 1037631, 1070702]"
1520,"[1042907, 1029743, 899624, 1106523, 6034857]"
1521,[]
1523,[]
1524,"[1126899, 1122568, 1026118, 1029743, 916122]"
1525,"[1029743, 976199, 1068719, 871756, 1106523]"
1526,"[865026, 887474, 890610, 986912, 1134810]"
1527,"[1082185, 940766, 1029743, 5569845, 872137]"
1528,"[894439, 892573, 9835509, 1075368, 983584]"
1529,"[945244, 863885, 1106523, 933067, 944534]"
1530,"[1029743, 938300, 6548453, 1106523, 872137]"
1531,"[1106523, 1029743, 1068719, 844179, 1126899]"
1532,"[1029743, 965766, 1106523, 1044078, 899624]"
1533,"[971474, 916122, 907631, 1106523, 872137]"
1534,"[869728, 1004436, 1070820, 916122, 999198]"
1535,"[907631, 1096794, 944534, 1025611, 844179]"
1536,"[944137, 916990, 882247, 901776, 6039687]"
1537,"[1029743, 1106523, 1126899, 1004906, 899624]"
1539,"[1106523, 1126899, 1070820, 1029743, 1044078]"
1540,"[8015407, 838186, 7442008, 1029743, 1083787]"
1541,"[965766, 954966, 1029743, 1041796, 1098248]"
1542,"[1004906, 1106523, 1056509, 1029743, 5569230]"
1543,"[819255, 1043494, 1029743, 10149640, 1070820]"
1545,"[882247, 1022254, 6463775, 1098248, 1090931]"
1546,"[917816, 989069, 1013928, 907631, 1132771]"
1547,"[1029743, 1106523, 1068719, 963835, 1126899]"
1548,"[1134483, 965842, 9884698, 838186, 907631]"
1549,"[1051516, 9575582, 986912, 1122358, 1076056]"
1550,"[1029743, 1106523, 6602697, 899624, 1126899]"
1552,"[1029743, 944836, 1106523, 1044078, 1126899]"
1553,"[1029743, 1126899, 1068719, 1106523, 916122]"
1555,"[1106523, 899624, 1029743, 1041796, 1070820]"
1556,"[948670, 1082185, 902396, 1068719, 899624]"
1557,"[829001, 1098248, 1117514, 1026118, 825731]"
1558,"[919766, 866211, 1002771, 968072, 1030093]"
1559,"[854852, 1075368, 1070820, 1026118, 1029743]"
1560,"[1029743, 823704, 1022254, 1121384, 1106523]"
1563,"[1055504, 957951, 952972, 1024306, 1004906]"
1564,"[1106523, 854852, 872137, 1029743, 1126899]"
1566,"[837270, 976199, 979707, 848319, 1022254]"
1567,"[1051516, 8015407, 934639, 1084036, 1082185]"
1568,"[12695224, 1106523, 1121384, 1041796, 1050851]"
1569,[]
1570,"[5568729, 979707, 10149640, 1046587, 1041796]"
1571,"[1106523, 913210, 1029743, 844179, 1126899]"
1572,"[1005274, 9835509, 12301073, 7139529, 844179]"
1575,"[1110409, 1022254, 1029743, 1106523, 901062]"
1576,"[1037863, 1029743, 1075368, 965766, 1068719]"
1577,"[862682, 6533608, 1029743, 5570048, 866211]"
1578,"[1029743, 844697, 1106523, 8090521, 916122]"
1579,"[948670, 8090532, 970202, 1041796, 983584]"
1580,"[1024051, 1029743, 1079987, 1106523, 1068719]"
1581,"[1070820, 857503, 916122, 901062, 1081177]"
1584,"[1134483, 865705, 1029743, 1136719, 1106523]"
1585,"[1110409, 1126899, 5569471, 5568729, 5569327]"
1587,"[1029743, 1106523, 893018, 1068719, 854852]"
1588,"[979707, 866211, 6602697, 901062, 1106523]"
1590,"[829291, 6533608, 1028891, 6534035, 932340]"
1591,"[1001827, 1068719, 1000237, 916993, 907631]"
1592,"[9884698, 823704, 884945, 830503, 1029743]"
1593,"[869728, 1029743, 986912, 1004906, 866211]"
1594,"[5590695, 5981267, 1022254, 1106523, 5590613]"
1595,"[1131438, 5582712, 1038985, 883202, 971922]"
1596,"[901776, 1004436, 1058404, 1046816, 933835]"
1598,"[1092937, 1132771, 907631, 1072917, 12648296]"
1599,"[944137, 1051516, 1068719, 1013928, 933067]"
1600,"[1093413, 1106523, 1029743, 1068719, 1126899]"
1602,"[1082185, 1044259, 1046756, 848319, 1104343]"
1604,"[1051211, 5569230, 832678, 1029743, 1068719]"
1607,"[1029743, 1106523, 899624, 6533608, 1105488]"
1608,[]
1609,"[1029743, 1082185, 1070820, 885023, 863885]"
1611,"[1037840, 8090537, 844179, 880150, 5569845]"
1612,"[1026118, 1070820, 919534, 12946027, 885290]"
1614,"[1082185, 1106523, 979707, 1068719, 1022254]"
1618,"[1138443, 862682, 944836, 972665, 847207]"
1619,"[1037337, 970160, 1117514, 6391381, 963868]"
1620,"[9245106, 1024051, 1074333, 1099089, 5569792]"
1621,"[946839, 885863, 1137346, 1099089, 1106523]"
1622,"[1006342, 890610, 1022254, 1029743, 1106523]"
1623,"[883932, 1044078, 1068719, 1106523, 969866]"
1624,"[1082185, 1026118, 993638, 5569230, 823990]"
1627,"[1068719, 1117514, 1029743, 1082185, 1011926]"
1628,[]
1630,"[948670, 1098284, 865026, 895166, 1042907]"
1631,"[947798, 1035676, 967461, 1070845, 970747]"
1632,"[1070820, 1029743, 916122, 844179, 1126899]"
1633,"[8015407, 865026, 1093413, 1083043, 1138443]"
1634,"[7442008, 9836106, 907631, 1029743, 5569327]"
1636,[]
1637,"[1014948, 948298, 971922, 986912, 899624]"
1638,"[1029743, 1106523, 863447, 12810393, 1070820]"
1640,"[1106523, 1029743, 1044078, 1126899, 871061]"
1641,[]
1642,"[1055504, 970160, 1106523, 916122, 1029743]"
1643,"[1029743, 1106523, 1126899, 12648296, 5569327]"
1644,"[1106523, 1126899, 1068719, 1029743, 986912]"
1645,[]
1646,[]
1647,"[1106523, 1029743, 1068719, 1126899, 965766]"
1648,"[1106523, 1082185, 1029743, 1126899, 5569327]"
1649,"[1051516, 869728, 965766, 6391381, 866211]"
1650,"[944137, 866211, 854754, 1081177, 940947]"
1651,"[1104343, 901062, 6034857, 854852, 883003]"
1652,"[1034176, 844179, 1106523, 866211, 1029743]"
1653,"[12810391, 882247, 995628, 8090539, 1037631]"
1654,"[1029743, 1106523, 986912, 866211, 1126899]"
1657,"[1106523, 1029743, 1068719, 844179, 899624]"
1658,"[963727, 1004906, 1029743, 6034857, 986912]"
1659,"[1116741, 1034955, 1029743, 1009187, 916122]"
1660,"[827919, 1106523, 1029743, 986912, 933835]"
1662,"[1133254, 1137688, 1098844, 991223, 1126899]"
1663,"[1029743, 1106523, 1068719, 1056509, 965766]"
1664,"[1000753, 1041796, 871756, 1070820, 1044078]"
1665,"[1037631, 5568721, 1029743, 1106523, 899624]"
1666,"[1122358, 1029743, 1106523, 6034857, 1126899]"
1668,"[1106523, 1068719, 872137, 1029743, 1126899]"
1669,"[1106523, 1029743, 965766, 1068719, 1126899]"
1672,"[1029743, 5592931, 1106523, 1044078, 899624]"
1673,"[948650, 883932, 12301100, 12302069, 916993]"
1676,"[8090532, 998119, 907099, 1011926, 1026258]"
1677,"[5568489, 12349795, 7442008, 6602440, 908064]"
1680,"[1126899, 1106523, 1029743, 844179, 1070820]"
1683,"[872137, 837304, 5574377, 1106523, 1104343]"
1684,"[1106523, 1029743, 899624, 1063739, 13841744]"
1685,"[976199, 1005274, 1029743, 866211, 1068719]"
1686,"[1106523, 1043751, 986912, 1029743, 976199]"
1687,"[1055504, 976199, 1135834, 872137, 1029743]"
1688,[]
1689,"[1000753, 1133254, 1106523, 5569845, 1037840]"
1690,"[999779, 1106523, 899624, 5569230, 863447]"
1692,"[1001702, 1029743, 1044188, 1106271, 844179]"
1693,"[1083043, 1070845, 1130029, 880427, 5590613]"
1694,"[947798, 895166, 6534480, 1044078, 908064]"
1695,"[1082185, 1070820, 872137, 1029743, 1106523]"
1696,"[1082212, 885023, 956672, 1138443, 1070820]"
1697,"[1029743, 1106523, 1044078, 899624, 12648296]"
1698,"[930118, 1094308, 1106523, 866211, 1044078]"
1699,"[993638, 1043494, 5569230, 976199, 1029743]"
1700,"[1115098, 8090509, 872137, 839419, 941856]"
1701,[]
1703,"[1098435, 5590695, 871756, 5592931, 5572738]"
1704,"[1126899, 999270, 1029743, 844179, 1106523]"
1705,"[1106523, 6602697, 969866, 1029743, 933067]"
1706,"[1106523, 1029743, 1126899, 1068719, 899624]"
1707,"[1106523, 1029743, 1050851, 916122, 1126899]"
1708,"[1136524, 874972, 896613, 6534480, 12648296]"
1709,"[1106523, 1018740, 7166861, 1029743, 1004906]"
1710,"[1082185, 820301, 965842, 999104, 835098]"
1712,"[1106523, 1029743, 1070820, 1068719, 854852]"
1713,"[13841744, 851188, 8090440, 5569230, 913210]"
1715,"[859427, 951412, 1126899, 1044078, 1098844]"
1716,"[5592931, 1029743, 1122358, 12302069, 1106523]"
1717,"[828106, 1029743, 1068719, 848319, 858439]"
1718,"[1106523, 1029743, 844179, 899624, 871061]"
1719,"[950206, 1106523, 1103105, 5569471, 5569230]"
1720,"[878715, 865705, 1056509, 909714, 9296919]"
1721,"[999270, 1106523, 1029743, 844179, 1126899]"
1722,"[1051516, 1093571, 1006342, 1098248, 835098]"
1723,"[1098844, 922561, 1040807, 1018740, 1101010]"
1724,"[1106523, 1126899, 1029743, 937292, 9884698]"
1726,"[1057102, 991223, 1135044, 963835, 6391381]"
1728,"[1029743, 9296919, 865156, 1126899, 8020234]"
1729,"[1106523, 1029743, 1126899, 894439, 899624]"
1730,"[1106523, 1029743, 1070820, 1126899, 1068719]"
1731,"[1029743, 1089025, 1106523, 1044078, 6034857]"
1732,"[1029743, 976199, 995628, 13877192, 833724]"
1733,"[874972, 850102, 885290, 894439, 844179]"
1734,"[1106523, 1126899, 1029743, 1026118, 872137]"
1735,"[963971, 1068719, 863885, 890909, 1082990]"
1737,"[901062, 916122, 1106523, 1029743, 1126899]"
1738,"[1040807, 957063, 1106523, 1029743, 899624]"
1739,"[1106523, 5568378, 13841744, 1126899, 933835]"
1740,"[1112238, 885406, 1002771, 1075368, 8293447]"
1742,"[846823, 1072523, 1019637, 1098284, 933067]"
1743,"[1106523, 844179, 880150, 901062, 1041796]"
1745,"[1106271, 1106523, 1029743, 1024051, 1126899]"
1747,"[1106523, 983584, 6424471, 1029743, 986912]"
1748,"[995628, 897954, 1082185, 1106523, 5981267]"
1749,"[878715, 934399, 8090541, 1029743, 1131488]"
1750,[]
1751,"[946839, 1082990, 1051323, 1050851, 1004906]"
1752,"[6463742, 841220, 906838, 1068719, 907631]"
1753,"[5568732, 1067695, 8090537, 1106523, 986912]"
1754,"[1068292, 1043494, 831628, 12301405, 849202]"
1755,"[1029743, 916122, 12810393, 1106523, 951412]"
1756,[]
1758,"[1055504, 899624, 1106523, 1126899, 1132771]"
1759,"[1068719, 9297474, 1044078, 880150, 5590613]"
1760,"[906838, 1004906, 1029743, 983584, 1106523]"
1761,"[932340, 854852, 1029743, 948650, 863447]"
1762,"[963971, 1018007, 1082185, 957951, 976199]"
1763,"[1037840, 871611, 948650, 6548453, 979707]"
1764,"[1051323, 1035207, 976199, 8090541, 5569327]"
1765,"[1043494, 854852, 1070820, 1016709, 1029743]"
1766,"[1068719, 1044078, 1106523, 1029743, 1040807]"
1767,"[1026118, 5568378, 5569327, 7166861, 12946027]"
1768,"[999858, 12946027, 1029743, 899624, 5569374]"
1769,"[1037863, 6534077, 823704, 999625, 872137]"
1770,"[882247, 1043971, 979707, 1055504, 1022254]"
1773,"[1056509, 916122, 1106523, 1098844, 5569230]"
1774,"[12731714, 883932, 9487606, 990797, 889509]"
1775,"[1082185, 898068, 1098844, 991223, 1046587]"
1776,"[1029743, 834117, 1042616, 835098, 1026118]"
1778,"[870547, 1128240, 9245106, 949965, 1029743]"
1779,"[963835, 10149640, 1070820, 1042544, 1101010]"
1780,"[1082185, 1106523, 5592931, 1029743, 1022254]"
1781,"[979707, 916122, 844179, 1029743, 1126899]"
1783,"[12648296, 5585510, 892728, 896862, 1045586]"
1784,"[979707, 1106523, 1106271, 983584, 1029743]"
1785,"[1055504, 1131321, 933835, 938512, 1106523]"
1787,[]
1788,"[1051516, 934399, 837270, 894447, 888543]"
1789,"[1106523, 986912, 1126899, 854852, 844179]"
1790,"[1082185, 1029743, 945662, 1106523, 1004906]"
1791,"[8090440, 916122, 910673, 1044078, 1029743]"
1792,"[5582712, 8090519, 882604, 839656, 880888]"
1793,[]
1794,"[1106523, 1102416, 990797, 8090513, 9296919]"
1795,"[1008032, 911311, 914318, 825703, 1070820]"
1796,"[1037840, 942525, 965766, 1029743, 12988031]"
1797,"[9245106, 862799, 1084036, 856942, 996009]"
1798,"[1029743, 1106523, 1026118, 1126899, 1117514]"
1800,"[1022254, 976199, 1126899, 1029743, 1106523]"
1801,"[1116635, 1106523, 854900, 1029743, 1068719]"
1802,"[885290, 848319, 903800, 916122, 854852]"
1803,"[1138292, 6979579, 862799, 1022254, 939860]"
1804,"[948670, 903609, 912704, 999104, 852856]"
1805,"[854852, 1106523, 910032, 1029743, 5568378]"
1806,"[1029743, 1126899, 893018, 979707, 5568378]"
1807,"[885863, 8090560, 917407, 1098844, 1098248]"
1808,"[1037840, 945909, 12171656, 976199, 899624]"
1809,"[1082185, 1029743, 8090536, 5568378, 8090537]"
1810,"[1037840, 1098284, 1029743, 1106523, 976199]"
1811,"[1106523, 1068719, 1135258, 1029743, 1126899]"
1812,"[1029743, 1106523, 844179, 1126899, 872137]"
1814,"[916122, 1070820, 1106523, 919534, 1126899]"
1815,"[1009368, 1029743, 6034857, 899624, 839243]"
1816,"[8090532, 1029743, 863447, 854852, 1106523]"
1817,"[874972, 1116635, 1004390, 872137, 925862]"
1818,"[1106523, 1029743, 1126899, 999779, 1044078]"
1821,"[1106523, 899624, 979707, 1056509, 1043920]"
1822,"[1068719, 5592931, 1022254, 965766, 1110244]"
1823,"[885863, 934639, 852856, 885023, 880150]"
1824,"[1106523, 1029743, 1043787, 983584, 6034857]"
1826,"[1029743, 9884698, 1106523, 1072523, 1044078]"
1829,"[1055504, 8090519, 1135044, 1098844, 1034176]"
1831,"[1082185, 9245106, 1051323, 1053016, 1098248]"
1832,"[1082185, 848029, 1106523, 1029743, 825343]"
1833,"[1000753, 947201, 838186, 1029743, 1083446]"
1835,"[9420067, 1044259, 8014645, 1092303, 822225]"
1836,"[1112238, 1057102, 1106523, 899624, 1029743]"
1837,"[965842, 979707, 12810393, 966684, 957736]"
1838,"[1106523, 899624, 5569230, 1029743, 5568378]"
1839,"[1106523, 1098844, 1029743, 913210, 1126899]"
1841,"[872137, 1004906, 1029743, 999858, 1062002]"
1843,"[5569845, 909714, 1070820, 5568378, 1106523]"
1844,"[916122, 1029743, 1070820, 899624, 986912]"
1845,"[1043971, 1126899, 1057102, 1098844, 865705]"
1846,"[1106523, 1029743, 1122358, 1070820, 1068719]"
1847,"[12731432, 908283, 830503, 1070820, 5569230]"
1848,"[894439, 1135834, 892573, 986912, 833724]"
1849,"[1029743, 1089954, 940947, 1070820, 9884698]"
1850,"[979707, 1022254, 883202, 854852, 1127831]"
1853,"[1029743, 986912, 983584, 1070820, 999104]"
1854,"[1055504, 1046756, 12988031, 1098844, 1029743]"
1856,"[948670, 12811532, 12810393, 986912, 851819]"
1857,"[1106523, 1029743, 1003616, 1126899, 899624]"
1858,"[837270, 1057102, 1000237, 999104, 1062002]"
1861,"[1068719, 1082185, 1029743, 1106523, 1026118]"
1862,"[1110409, 1126899, 1029743, 1051211, 1106523]"
1864,"[1051516, 1093571, 934639, 1024306, 965842]"
1865,"[1098435, 892531, 892503, 903800, 1092303]"
1867,"[916122, 897954, 1029743, 1126899, 1106523]"
1868,[]
1869,"[940947, 1050851, 1106523, 1029743, 916122]"
1871,"[854852, 1026118, 1106523, 1070820, 1055425]"
1872,"[846417, 1070820, 1029743, 866211, 854852]"
1873,"[1131438, 1106523, 910032, 1044078, 12810393]"
1876,[]
1877,"[1029743, 983584, 1044078, 8090440, 1122358]"
1879,"[1082185, 948670, 1008032, 922561, 895930]"
1880,"[1029743, 1068719, 844179, 1106523, 6034857]"
1881,"[1057011, 959316, 1029743, 901062, 913210]"
1882,"[866211, 854852, 986912, 844179, 5569230]"
1883,"[8090521, 896862, 1106523, 1029743, 1004906]"
1884,"[866211, 1126899, 854852, 834117, 844179]"
1885,"[909714, 1106523, 5569230, 852856, 1029743]"
1886,[]
1887,"[1126899, 1070820, 872137, 1106523, 1029743]"
1889,[]
1890,"[916122, 1106523, 1003616, 1029743, 1026118]"
1891,"[1082185, 983584, 1029743, 1070820, 916122]"
1892,"[1093413, 1138443, 863762, 851819, 995965]"
1895,"[1129049, 1044078, 1106523, 1029743, 872137]"
1896,"[1037840, 1082185, 971922, 1029743, 5569230]"
1898,"[1068719, 1106523, 976199, 1029743, 1004906]"
1899,"[879504, 863885, 9677366, 977658, 851188]"
1900,"[998119, 943362, 872137, 9487606, 1070820]"
1901,"[1013928, 1054262, 1127758, 1042438, 1059902]"
1903,"[1124695, 1106523, 835098, 976199, 1004906]"
1904,"[844179, 1126899, 1106523, 854852, 1029743]"
1906,"[1019637, 1070702, 12263692, 12262830, 1046756]"
1907,"[1115576, 1110409, 976199, 1046756, 9187298]"
1909,"[1106523, 1029743, 1068719, 844179, 872137]"
1911,"[1044078, 844179, 1106523, 1029743, 899624]"
1912,"[12384775, 1029743, 1106523, 12302069, 969866]"
1914,"[862010, 1043787, 894439, 892573, 885290]"
1916,"[1068719, 885290, 1105917, 1029743, 944534]"
1917,"[1037337, 883932, 827667, 1106523, 925694]"
1918,"[1082185, 6463717, 7441419, 872137, 1126899]"
1919,"[892531, 1035676, 1106523, 1029743, 916122]"
1920,"[1137688, 1024306, 829323, 1019643, 833724]"
1922,"[1112238, 1002771, 9553048, 1070845, 1138443]"
1923,"[948953, 901062, 1098844, 854852, 835098]"
1924,"[1110244, 885697, 1067695, 1132956, 965772]"
1925,"[837270, 1024306, 1009187, 1029743, 901062]"
1926,"[1068719, 12262830, 1037631, 5592931, 916122]"
1927,"[1086483, 5587656, 1104649, 5572738, 890695]"
1928,"[1070820, 983584, 1029743, 916122, 1106523]"
1929,"[1068292, 12384775, 1024306, 946839, 885406]"
1930,"[1051323, 882604, 5569230, 839243, 1130858]"
1931,"[843464, 1106523, 1029743, 896862, 836445]"
1932,[]
1935,"[1024306, 999104, 1048257, 857503, 908318]"
1936,"[1029743, 1042942, 971922, 885697, 1138443]"
1937,"[1112238, 1076056, 903800, 835973, 999104]"
1939,"[1068719, 834826, 1027168, 1004906, 1044078]"
1940,"[1026118, 969866, 1029743, 1106523, 913210]"
1941,"[947798, 1044078, 1029743, 5592931, 1106523]"
1942,"[1106523, 1004906, 5569230, 5585510, 1029743]"
1943,"[912280, 1029743, 1024051, 1106523, 926905]"
1944,"[1137688, 1098844, 1006342, 8019977, 1029743]"
1945,"[1106523, 1029743, 1068719, 901062, 899624]"
1946,"[1082185, 10344585, 12946027, 920109, 916122]"
1947,"[6463742, 12301405, 1037965, 995478, 9245106]"
1948,"[848319, 916993, 1137688, 6602590, 854852]"
1949,"[874972, 5585510, 1044078, 1127831, 1029743]"
1950,"[883003, 1029743, 1087102, 1079987, 1106523]"
1951,"[1029743, 944534, 976199, 1127831, 854852]"
1952,"[1029743, 944534, 976199, 1106523, 1127831]"
1953,"[827919, 993638, 1050851, 986912, 1106523]"
1954,"[1029743, 1026118, 1019247, 1084036, 934639]"
1955,"[1082185, 897954, 907099, 902396, 1050851]"
1956,"[5569374, 1070820, 966684, 1126899, 1106523]"
1957,"[885863, 1040807, 964520, 1029743, 5568378]"
1958,"[1106523, 1029743, 1026118, 1068719, 1126899]"
1959,[]
1960,"[831628, 1029743, 1044078, 839656, 1070820]"
1961,"[982790, 5587656, 1106523, 1074754, 893018]"
1962,"[6391381, 1094924, 1056509, 976199, 8014645]"
1963,"[1099089, 999779, 5569471, 899624, 951197]"
1964,"[1002771, 887503, 1029743, 899624, 1106523]"
1965,"[874972, 9881592, 9881593, 893018, 1106523]"
1966,"[1104343, 820486, 944836, 1098248, 1019643]"
1967,"[1029743, 5592931, 1106523, 990797, 5585510]"
1968,"[1106523, 1029743, 1068719, 1126899, 844179]"
1969,"[8090509, 1029743, 1004596, 12648296, 1004906]"
1970,"[969866, 1029743, 1127831, 1106523, 8090537]"
1971,"[1014509, 1029743, 1097001, 979707, 1026118]"
1975,"[5574377, 820301, 976199, 883003, 1138443]"
1976,"[1082990, 1106523, 1029743, 1126899, 899624]"
1978,"[1137775, 1106523, 913210, 1044078, 1126899]"
1979,"[1106523, 1029743, 1004906, 1098844, 1126899]"
1981,"[1082212, 1106523, 1126899, 1029743, 1122358]"
1982,"[1082185, 970202, 1121384, 1067779, 859427]"
1983,"[990797, 1106523, 866211, 1029743, 1054262]"
1985,"[1057011, 946839, 862682, 901062, 998352]"
1987,"[944836, 1106523, 1029743, 1056509, 965766]"
1988,"[1124695, 850102, 948650, 1051323, 1106523]"
1989,"[833724, 7441419, 9676866, 835098, 1029743]"
1990,"[1024306, 865705, 1037332, 1029743, 1126899]"
1991,"[1044078, 1050851, 8090537, 5568378, 8090521]"
1992,"[1050741, 1042438, 844179, 1044078, 1106523]"
1993,"[1043787, 1029743, 1106523, 862010, 1126899]"
1994,"[1106523, 1029743, 844179, 1126899, 863885]"
1995,"[1106523, 965842, 1082185, 1046816, 862010]"
1996,"[6034577, 854852, 1106523, 1029743, 834117]"
1997,"[1051468, 834158, 10344585, 893018, 12949855]"
1998,"[5592931, 1106523, 1029743, 1068719, 1126899]"
1999,"[1106523, 1029743, 1068719, 899624, 1126899]"
2000,"[1106523, 1029743, 1044078, 1068719, 844179]"
2001,"[1029743, 986912, 866211, 1043751, 1106523]"
2003,"[10344585, 963835, 12171656, 5569471, 8014645]"
2004,"[8015407, 934399, 890695, 944836, 999104]"
2005,"[1068719, 1106523, 899624, 13841744, 1029743]"
2006,"[5574377, 1041796, 868548, 1070820, 866211]"
2007,"[1028953, 1092303, 1027168, 1106523, 977658]"
2008,"[1102067, 885290, 865511, 5570383, 1106523]"
2010,"[1029743, 976199, 1106523, 940947, 854852]"
2011,"[916122, 1029743, 899624, 1068719, 1070820]"
2012,"[890695, 1044078, 7168058, 866211, 916122]"
2014,"[5592931, 1022254, 1029743, 1106523, 1024051]"
2015,"[828106, 910032, 1082185, 12301405, 960732]"
2016,[]
2017,"[896613, 973916, 968072, 825749, 983584]"
2018,"[1029743, 866211, 924352, 1082185, 919681]"
2019,"[1037840, 871611, 895166, 1024051, 899624]"
2020,"[1093413, 1137688, 9575582, 835300, 1104649]"
2021,"[883932, 9835223, 896862, 1029743, 1106523]"
2022,"[944137, 1082185, 1098844, 906335, 994223]"
2023,"[852856, 1011457, 1029743, 1106523, 1068719]"
2025,"[976199, 993638, 1029743, 5569230, 1051211]"
2026,[]
2027,"[13841744, 1029743, 1041796, 1106523, 854852]"
2028,"[8090509, 895295, 839419, 5568378, 1029743]"
2029,"[892728, 952698, 1029743, 1106523, 5569230]"
2030,"[1087102, 944836, 971922, 1043751, 1029743]"
2031,[]
2032,[]
2033,"[1127758, 1029743, 1106523, 1002771, 885290]"
2034,"[1138487, 1098248, 9884698, 897954, 951412]"
2036,"[1055504, 1024306, 1110111, 854852, 880150]"
2037,"[990797, 1018007, 1068719, 1070820, 1029743]"
2038,"[1106523, 883003, 1029743, 971922, 1132771]"
2039,[]
2040,"[1029743, 1106523, 976199, 1126899, 1070820]"
2041,"[896613, 878715, 1044259, 6034577, 1034176]"
2042,[]
2043,"[995876, 998119, 8291322, 1106523, 819255]"
2046,"[1029743, 1106523, 1068719, 872137, 1126899]"
2047,"[973916, 949965, 933835, 883003, 8090537]"
2048,"[1106523, 1029743, 1126899, 871061, 1044078]"
2049,"[1029743, 1106523, 990797, 5569327, 1126899]"
2050,"[1029743, 895166, 899624, 1024051, 857503]"
2055,"[835098, 1011926, 5568378, 1106523, 1029743]"
2056,"[952972, 1106523, 990797, 1029743, 8090521]"
2057,"[844179, 940947, 1070820, 916122, 1106523]"
2058,"[882247, 1082990, 965842, 901776, 1006342]"
2059,[]
2060,"[1029743, 1106523, 844179, 1068719, 976199]"
2062,"[1014948, 1022254, 831712, 1056509, 979707]"
2063,"[841220, 1022254, 839419, 1087102, 1105917]"
2064,"[1006483, 854754, 1075368, 8090440, 887102]"
2065,"[1029743, 1110244, 1044078, 1106523, 1068719]"
2068,"[1070820, 1004906, 1106523, 1029743, 1081177]"
2070,"[1092937, 12810391, 989824, 904236, 990797]"
2071,"[1068719, 8090537, 899624, 933835, 1106523]"
2072,[]
2075,"[1006483, 1029743, 9419525, 899624, 1106523]"
2076,"[1098844, 831628, 829323, 5566235, 835098]"
2077,"[896613, 6463742, 6391381, 1106523, 1029743]"
2079,"[871611, 934639, 979707, 963727, 1059902]"
2080,"[874972, 906838, 952972, 8090521, 1016709]"
2081,[]
2082,"[848319, 1029743, 832678, 1079987, 899624]"
2083,"[1037863, 1070820, 6533681, 1115098, 990797]"
2084,"[1029743, 1106523, 1126899, 916122, 899624]"
2085,"[12810391, 899624, 937292, 1043751, 1082990]"
2086,"[1082185, 1029743, 948953, 862682, 866211]"
2087,"[948670, 1137688, 976199, 12731432, 916993]"
2088,"[917816, 1082185, 1029743, 993638, 839419]"
2089,"[1126899, 1106523, 1029743, 1070820, 1068719]"
2090,"[1106523, 1029743, 899624, 1037631, 5569230]"
2091,[]
2094,"[1082185, 6463775, 5569374, 1070820, 1029743]"
2095,"[5569135, 883003, 1068719, 933067, 1106523]"
2099,[]
2100,"[1082185, 895166, 1117514, 1041796, 1106523]"
2101,"[1029743, 983584, 999104, 883003, 1101010]"
2102,"[1115098, 12262778, 9333734, 1045586, 996009]"
2103,[]
2105,[]
2108,"[1106523, 1029743, 844179, 1126899, 1070820]"
2109,"[930666, 1041796, 937292, 999270, 5592931]"
2110,"[871611, 882247, 1082185, 964521, 12428017]"
2111,"[1029743, 1106523, 1070820, 1126899, 844179]"
2112,"[1037863, 9245106, 940766, 1022254, 1098248]"
2114,"[1002771, 907099, 859427, 933835, 885290]"
2115,"[5569845, 995876, 8276172, 924352, 887102]"
2116,"[957951, 1099089, 1087102, 986912, 854754]"
2119,"[12731432, 1029743, 960613, 6463775, 899624]"
2120,"[1029743, 976199, 1106523, 1068719, 965766]"
2121,"[848319, 872137, 1026118, 976199, 1092588]"
2122,"[1106523, 901062, 835098, 1044078, 1029743]"
2123,"[904129, 973916, 1029743, 7168026, 1003487]"
2124,"[1102067, 901776, 1106523, 1104349, 965766]"
2125,"[1068719, 825731, 925862, 899019, 863885]"
2126,"[854852, 872137, 833724, 1098844, 1026118]"
2129,"[1014948, 1029743, 12810393, 1074754, 1024051]"
2130,"[1082185, 836445, 998119, 834826, 1068719]"
2131,"[878285, 1026118, 951412, 832678, 965766]"
2132,"[990797, 866211, 1106523, 901062, 1029743]"
2133,"[1014948, 923670, 1019247, 12301109, 1126899]"
2134,"[1082185, 1038985, 1098844, 865705, 899624]"
2135,"[1029743, 916122, 1106523, 863447, 1070820]"
2136,"[6602729, 9707498, 1106523, 901062, 1029743]"
2137,"[1044078, 899624, 1068719, 844179, 1029743]"
2138,"[829291, 1029743, 1042544, 899624, 6034857]"
2139,"[1115175, 1041796, 1100972, 1029743, 5568378]"
2141,"[904236, 883068, 885697, 1110244, 999714]"
2142,"[9297474, 1133254, 1003487, 6704207, 5568729]"
2145,[]
2146,"[849870, 944836, 857503, 854852, 5569230]"
2147,"[1104414, 1046756, 1098248, 919681, 914577]"
2148,"[948670, 949965, 1068719, 895930, 880150]"
2149,"[1082185, 1106523, 1029743, 1098844, 899624]"
2151,"[976199, 1122358, 1029743, 1068719, 844179]"
2153,"[1029743, 5592931, 13841744, 910032, 866211]"
2154,"[901062, 1106523, 6533362, 1045586, 999270]"
2155,[]
2156,"[1029743, 1054262, 850102, 1016276, 844179]"
2158,"[1029743, 1106523, 916122, 1126899, 899624]"
2159,"[5592931, 1106523, 1004906, 1029743, 6034857]"
2160,"[976199, 1106523, 907631, 1029743, 844179]"
2161,"[865156, 976214, 890610, 958208, 995965]"
2162,"[898068, 948953, 862535, 847241, 1042616]"
2163,"[1029743, 1106523, 1081177, 1126899, 872137]"
2167,[]
2168,"[1089954, 895166, 1128240, 989824, 970202]"
2169,"[5585510, 1087102, 883003, 1106523, 5568729]"
2170,"[1013928, 863762, 1030093, 1029743, 5569327]"
2171,"[907099, 986912, 1029743, 1051211, 965766]"
2172,"[1018007, 849202, 1115576, 1104343, 837304]"
2173,"[1087102, 1132771, 1105488, 1062002, 13841744]"
2174,"[880150, 1106523, 866211, 1068719, 986912]"
2175,[]
2176,[]
2179,"[1106523, 1126899, 1029743, 1068719, 844179]"
2181,"[1110111, 9187298, 1068719, 866211, 1106523]"
2182,"[1106523, 1029743, 1068719, 1126899, 916122]"
2183,"[1082185, 1098248, 6034857, 12731432, 995965]"
2184,"[1050534, 1075214, 1029743, 965766, 1106523]"
2185,"[1100972, 820301, 972665, 839656, 957063]"
2186,"[899624, 870547, 995876, 1137346, 965766]"
2188,"[1106523, 866211, 933835, 5569230, 1101010]"
2189,"[1042942, 1029743, 913210, 834117, 1082185]"
2190,"[995628, 866355, 883003, 1096635, 5568378]"
2193,"[1055504, 1051516, 860248, 1104414, 979707]"
2194,"[1016709, 9487606, 865026, 1062128, 1003649]"
2195,"[1055504, 1126899, 976199, 1070820, 1106523]"
2196,"[1029743, 1106523, 880150, 1098248, 1022254]"
2197,"[865456, 1106523, 1029743, 5568378, 1126899]"
2198,"[965766, 1022254, 865026, 849202, 1029688]"
2199,"[1099089, 1041796, 916993, 1126899, 1070820]"
2200,"[919534, 841220, 916122, 1062002, 844179]"
2202,"[1106523, 1029743, 1042438, 854852, 5569230]"
2203,"[1029743, 844179, 1106523, 1022254, 1126899]"
2204,"[835530, 871756, 1044078, 1106523, 1029743]"
2205,"[983584, 1106523, 1029743, 1098844, 916122]"
2206,"[1029743, 1106523, 1126899, 1068719, 965766]"
2207,"[1043494, 911311, 972143, 6602697, 910673]"
2208,"[8090532, 908064, 1106271, 1106523, 940947]"
2209,"[1082141, 946839, 1029743, 1098844, 989824]"
2211,"[5569845, 5569471, 908318, 1037840, 1029743]"
2212,[]
2213,"[979707, 1106523, 1026118, 1029743, 1022254]"
2214,"[1106523, 844179, 1044078, 854852, 1029743]"
2215,"[1112205, 1128240, 979707, 1106523, 1029743]"
2217,"[995478, 1055504, 1022254, 1019643, 6633210]"
2221,"[901062, 1070820, 1126899, 1106523, 854852]"
2222,"[1054262, 1008032, 827667, 861279, 1029743]"
2223,"[1029743, 1106523, 899624, 844179, 916122]"
2224,"[923670, 908064, 1038985, 996009, 957063]"
2225,"[1110111, 845265, 1004906, 834158, 872137]"
2226,"[1106523, 1029743, 1126899, 1110244, 916993]"
2228,[]
2229,"[965772, 1034176, 909714, 1127716, 916122]"
2231,"[1024306, 1080853, 944836, 1009187, 979707]"
2233,"[8290421, 1055425, 970202, 1098248, 1046756]"
2234,"[1002850, 1123842, 1104343, 1092303, 8014645]"
2235,"[12810464, 969866, 937292, 1029743, 1068719]"
2237,"[976199, 1130858, 872137, 916122, 5592931]"
2238,"[899624, 1044078, 1029743, 1106523, 834117]"
2239,"[1029743, 983584, 896085, 847066, 1106523]"
2240,"[1131438, 826666, 1044188, 841220, 1036249]"
2241,"[1029743, 866211, 1106523, 986912, 1004906]"
2243,"[1029743, 901776, 1008032, 898466, 979707]"
2244,"[1068719, 1029743, 9836106, 5569327, 1044078]"
2245,"[1022254, 1098248, 1068719, 1106523, 1004906]"
2247,"[1065538, 1100972, 1022254, 1106523, 872137]"
2248,"[1029743, 1106523, 976199, 872137, 1126899]"
2250,"[957063, 12731432, 1094308, 1029743, 1106523]"
2252,"[963971, 974156, 1082185, 6463742, 957063]"
2253,"[1029743, 983584, 1106523, 1068719, 965766]"
2256,"[1070820, 976199, 1126899, 1127831, 1068719]"
2257,"[1104349, 1106523, 1029743, 1126899, 976199]"
2258,"[882247, 833940, 977658, 1070845, 823704]"
2259,[]
2260,"[1069003, 13841744, 854852, 979707, 10149640]"
2261,"[870547, 945244, 1037840, 6979579, 826666]"
2262,"[5981267, 854852, 1019247, 1122358, 1029743]"
2263,"[5592931, 976199, 1121360, 986912, 1094308]"
2264,"[878715, 5981074, 957013, 5590613, 5981267]"
2266,"[1104343, 993638, 848319, 1011926, 824305]"
2267,"[8019977, 6514160, 913210, 951412, 1126899]"
2269,"[1001702, 5568729, 916122, 899624, 12301109]"
2270,"[1098844, 922561, 9884698, 965766, 6704207]"
2271,[]
2272,"[1082185, 1104343, 1040807, 827656, 908318]"
2273,"[934948, 880427, 1085983, 5568378, 1004906]"
2274,"[1013928, 1082185, 890909, 971922, 979707]"
2275,"[907099, 944486, 968072, 1029743, 916122]"
2276,"[1106523, 1029743, 1126899, 916122, 844179]"
2277,"[1029743, 1068719, 1106523, 1024051, 885290]"
2278,"[863447, 1029743, 951412, 1044078, 1106523]"
2279,"[8090537, 1106523, 1126899, 852856, 844179]"
2280,"[1000753, 1082990, 1138443, 944249, 1137775]"
2281,"[1013167, 6534077, 6514160, 1019643, 5585510]"
2282,"[1068719, 1029743, 1022254, 1056509, 1106523]"
2283,"[1106523, 844179, 899624, 1029743, 8090537]"
2284,"[901776, 1112205, 9245106, 944836, 892531]"
2285,"[990656, 857503, 1106523, 1092588, 1029743]"
2287,"[1029743, 854852, 849870, 1004906, 1106523]"
2288,"[1126899, 1029743, 1106523, 916122, 899624]"
2289,"[1029743, 10344585, 9487606, 913210, 1106523]"
2290,"[1029743, 976199, 940947, 1106523, 827656]"
2291,"[1029743, 965766, 983584, 1056509, 1068719]"
2292,"[1029743, 865456, 1106523, 844179, 1068719]"
2293,"[1082185, 1106523, 1029743, 1126899, 913210]"
2294,"[1082185, 5590613, 5587656, 1106523, 1132771]"
2295,"[1068719, 850139, 5590613, 899624, 854405]"
2296,"[1057011, 1068719, 12810391, 856252, 1016709]"
2297,"[1127758, 1029743, 1106523, 1126899, 8090537]"
2298,"[1029743, 856252, 871756, 882604, 1106523]"
2299,"[6602697, 916122, 1029743, 878996, 969866]"
2300,"[973916, 1029743, 1048507, 965766, 8273833]"
2301,"[932340, 1021324, 1082185, 1029743, 965766]"
2302,"[1029743, 1004906, 916122, 1106523, 1122358]"
2303,"[841220, 1002771, 1029743, 1127831, 933835]"
2305,"[1029743, 1056509, 983584, 999104, 1026118]"
2307,"[1070845, 1098844, 1138443, 933835, 1112238]"
2308,[]
2310,"[896613, 917816, 1068719, 933067, 1029743]"
2312,"[1082185, 1070820, 1022254, 9245106, 925862]"
2314,"[6463742, 1130029, 12262778, 1070845, 948298]"
2315,[]
2317,"[1082185, 1043971, 1029743, 1138443, 1098844]"
2319,"[1037840, 1081177, 1106523, 1029743, 1004906]"
2322,"[1137688, 1051516, 1110409, 991223, 1082185]"
2323,"[1106523, 1029743, 1126899, 1068719, 965766]"
2324,"[6979545, 1094924, 909714, 1029743, 1044078]"
2325,[]
2328,"[6534480, 1082990, 908283, 958208, 944836]"
2330,"[1101010, 857503, 8090536, 1056509, 990797]"
2331,"[856252, 1067606, 933835, 835098, 854405]"
2333,"[1106523, 1029743, 1126899, 854852, 899624]"
2334,"[1137346, 1004436, 906335, 1102416, 1029743]"
2335,"[1029743, 1106523, 1126899, 5569327, 899624]"
2336,"[1029743, 1024051, 12810393, 844179, 916122]"
2337,"[1015539, 1082185, 1097398, 1117514, 1067695]"
2338,"[1082990, 1106523, 890695, 1029743, 1126899]"
2339,[]
2340,"[1044078, 871061, 1106523, 1029743, 1026118]"
2341,"[907625, 1098284, 960613, 1106523, 1070702]"
2342,"[1029743, 965766, 1043751, 990797, 1016800]"
2343,"[6534480, 1104343, 924352, 1029743, 1087102]"
2344,"[1000753, 1106523, 862799, 854852, 1044078]"
2345,"[5569230, 983584, 965766, 8090521, 1004436]"
2347,"[1034176, 8090513, 8090521, 1029743, 5569230]"
2349,"[1082185, 1070820, 5569230, 1029743, 1106523]"
2350,[]
2351,"[907625, 1112205, 843464, 1068292, 825703]"
2352,"[1106523, 1029743, 872137, 1040807, 844179]"
2354,"[878996, 866211, 1029743, 897954, 1101706]"
2359,"[1106523, 1103105, 1029743, 1022254, 1068719]"
2360,"[869728, 5568729, 883003, 909714, 1027068]"
2361,"[1100972, 1057011, 12811532, 1046587, 865511]"
2363,"[944137, 6602697, 1070820, 1106523, 1029743]"
2364,"[1106523, 1029743, 1056509, 1126899, 1068719]"
2366,"[948670, 1037965, 1104414, 7442008, 1004906]"
2368,[]
2369,"[1112238, 1029743, 863885, 878285, 8090440]"
2370,"[946839, 1098248, 897954, 9392700, 1043751]"
2372,"[1037840, 8090532, 1029743, 890909, 982469]"
2373,[]
2374,"[1041796, 1070820, 1137775, 901062, 872137]"
2375,"[896613, 989069, 883932, 1082185, 8065410]"
2376,"[919534, 1029743, 1106523, 1056509, 1126899]"
2377,"[880150, 863447, 13189726, 866211, 899624]"
2378,"[1100972, 9677366, 5574409, 1022254, 10149640]"
2379,"[860248, 1101706, 854405, 1029743, 902396]"
2380,"[948670, 1029743, 1122358, 5585510, 1106523]"
2381,"[895930, 1029743, 890695, 1106523, 916122]"
2385,"[1068719, 1003616, 863885, 922561, 1056509]"
2386,"[1029743, 1106523, 1104343, 1126899, 1081177]"
2387,"[940947, 1106523, 848029, 933835, 1126899]"
2388,"[960613, 1106523, 1029743, 863447, 9833277]"
2389,"[1029743, 930666, 1122358, 937292, 12946027]"
2392,"[995876, 1009368, 895166, 1068719, 965766]"
2393,"[903800, 863447, 907099, 995965, 913210]"
2394,"[5568729, 908318, 5585510, 1087102, 1106523]"
2395,"[825731, 993638, 1029743, 949294, 5569230]"
2397,"[865026, 5569792, 883932, 1106523, 1029743]"
2399,[]
2400,"[5569845, 947798, 1082185, 1014948, 957951]"
2401,"[825343, 848029, 1106523, 1081177, 1029743]"
2404,"[1029743, 1106523, 1126899, 1068719, 965766]"
2405,"[1053730, 6602697, 936914, 1106523, 1005274]"
2406,"[1051323, 6514160, 1046587, 5568729, 857503]"
2407,"[937292, 1092588, 899624, 1029743, 5592261]"
2408,"[938138, 9527159, 892531, 1029743, 999198]"
2410,"[1106523, 1044078, 1029743, 963835, 899624]"
2412,"[1012587, 969568, 863885, 1092937, 5568378]"
2416,"[1098844, 910473, 899624, 1106523, 1029743]"
2418,"[1029743, 866211, 1044078, 1101010, 983584]"
2420,"[1012587, 12731714, 1068719, 1106523, 944534]"
2421,"[1110244, 849870, 8290421, 1138443, 909714]"
2424,"[870547, 916993, 1029743, 1019643, 1106523]"
2425,"[1029743, 1126899, 1005274, 1070820, 1106523]"
2426,"[1058404, 1033403, 1029743, 1060408, 899624]"
2427,"[871611, 1093571, 892531, 6463775, 862010]"
2429,"[1106523, 1082185, 899624, 1029743, 1126899]"
2431,"[1106523, 1029743, 969866, 1044078, 899624]"
2434,"[1068292, 1131344, 12301109, 1106523, 1044078]"
2435,"[12695224, 1029743, 983584, 899624, 834117]"
2437,"[946839, 1093571, 862010, 901062, 6039687]"
2438,"[919766, 892531, 5592094, 866211, 916122]"
2439,"[1098844, 1022254, 1106523, 1029743, 1126899]"
2440,"[874972, 1106523, 910032, 1041796, 986912]"
2441,"[1029743, 885023, 1004906, 1126899, 1106523]"
2442,"[1126899, 1029743, 866211, 1106523, 1004906]"
2445,"[979707, 1082185, 933835, 12648296, 872137]"
2446,"[1044259, 990797, 963868, 1051211, 1115175]"
2447,"[944137, 1006342, 948298, 963835, 968072]"
2448,"[12731714, 993638, 7168026, 835098, 6534035]"
2449,"[1115098, 947326, 885023, 991223, 1055504]"
2450,"[831628, 1022254, 1121384, 1070820, 1029743]"
2451,"[903609, 949965, 923670, 6534030, 872137]"
2452,"[1133254, 1127758, 1106523, 1025581, 910673]"
2453,"[976199, 6391381, 1029743, 1106271, 1098844]"
2455,"[1131321, 849202, 1029743, 5572738, 1102416]"
2456,"[951412, 1029743, 866211, 1106523, 986912]"
2457,"[1112238, 1106523, 901062, 1029743, 1104343]"
2458,"[965842, 5569471, 1127831, 913210, 1126899]"
2459,"[1015539, 1051323, 1029743, 5567702, 918638]"
2460,"[907631, 5568378, 5569230, 1106523, 979707]"
2461,"[1110409, 909714, 866871, 883932, 1022254]"
2462,"[1137688, 882247, 979707, 1070845, 1022254]"
2464,"[844179, 916122, 901062, 983584, 1068719]"
2465,"[993379, 986912, 10344585, 1029743, 1106523]"
2466,"[1029743, 1106523, 1068719, 1041796, 885290]"
2467,"[969568, 995628, 1103105, 7168058, 909714]"
2470,"[1106523, 1029743, 1068719, 1126899, 965766]"
2471,"[1126899, 1106523, 1068719, 848319, 1104343]"
2472,"[1082185, 1126899, 1040807, 1004906, 6034857]"
2475,"[989824, 1070845, 9487885, 1121384, 1070820]"
2477,"[1004906, 866211, 916122, 1029743, 1127831]"
2478,"[1123106, 6464147, 932949, 979707, 965766]"
2479,"[8090532, 827919, 1055504, 1098435, 8090541]"
2481,"[963971, 1029743, 999250, 865705, 934399]"
2482,"[1004906, 1106523, 1082185, 1029743, 872137]"
2483,"[6533936, 1130375, 1105488, 1070820, 872137]"
2484,"[896613, 874972, 973916, 878715, 895166]"
2485,"[12695224, 1098844, 1004906, 1106523, 986912]"
2486,"[1068719, 1029743, 13877192, 12810393, 1106523]"
2488,"[860248, 965766, 972665, 1043751, 1094924]"
2489,"[1068719, 1022254, 5592931, 1135834, 916993]"
2492,"[1128812, 914577, 859426, 1087102, 962185]"
2494,"[969568, 1004906, 1098844, 1106523, 916122]"
2496,"[979707, 1056509, 995876, 916122, 899624]"
2497,"[1051516, 970202, 5590613, 1051323, 5981074]"
2498,"[1106523, 1070820, 1029743, 1126899, 899624]"
2499,"[904129, 846417, 999198, 1059902, 1070820]"
2500,"[1065538, 1013389, 5566235, 854405, 1056509]"
